,Player,Mode,Team,Event,Vs Who,Date,Group / Bracket,Map ID,Series ID,Map,Result,Role,Kills,Death,K/D,Assists,Plus / Minus,CAPs,% of team's Kills,% of team's Deaths,DEFs,Coal Kills,Alleg Kills,,
,Arcitys,DOM,CHI,LW,DAL,1/24,G,#00003,#00001,Hackney,W,Flex,32,24,1.33,-,8,-,20.3%,21.8%,-,14,18,#1,
,Formal,DOM,CHI,LW,DAL,1/24,G,#00003,#00001,Hackney,W,AR,36,19,1.89,-,17,-,22.8%,17.3%,-,20,16,#2,
,Gunless,DOM,CHI,LW,DAL,1/24,G,#00003,#00001,Hackney,W,Flex,38,18,2.11,-,20,-,24.1%,16.4%,-,18,20,#3,
,Envoy,DOM,CHI,LW,DAL,1/24,G,#00003,#00001,Hackney,W,SMG,28,25,1.12,-,3,-,17.7%,22.7%,-,14,14,#4,
,Scump,DOM,CHI,LW,DAL,1/24,G,#00003,#00001,Hackney,W,SMG,24,24,1.00,-,0,-,15.2%,21.8%,-,13,11,#5,
,Crimsix,DOM,CHI,LW,DAL,1/24,G,#00003,#00001,Hackney,L,Flex,22,33,0.67,-,-11,-,20.0%,20.9%,-,10,12,#6,
,Clayster,DOM,CHI,LW,DAL,1/24,G,#00003,#00001,Hackney,L,AR,24,32,0.75,-,-8,-,21.8%,20.3%,-,8,16,#7,
,iLLey,DOM,CHI,LW,DAL,1/24,G,#00003,#00001,Hackney,L,Flex,25,31,0.81,-,-6,-,22.7%,19.6%,-,12,13,#8,
,Huke,DOM,CHI,LW,DAL,1/24,G,#00003,#00001,Hackney,L,SMG,27,28,0.96,-,-1,-,24.5%,17.7%,-,6,21,#9,
,Shotzzy,DOM,CHI,LW,DAL,1/24,G,#00003,#00001,Hackney,L,SMG,12,34,0.35,-,-22,-,10.9%,21.5%,-,5,7,#10,
,Octane,DOM,SEA,LW,FL,1/24,G,#00007,#00002,Gun Runner,W,AR,34,21,1.62,-,13,-,27.0%,20.0%,-,17,17,#11,
,Karma,DOM,SEA,LW,FL,1/24,G,#00007,#00002,Gun Runner,W,Flex,23,20,1.15,-,3,-,18.3%,19.0%,-,12,11,#12,
,Slacked,DOM,SEA,LW,FL,1/24,G,#00007,#00002,Gun Runner,W,Flex,15,19,0.79,-,-4,-,11.9%,18.1%,-,9,6,#13,
,Apathy,DOM,SEA,LW,FL,1/24,G,#00007,#00002,Gun Runner,W,SMG,27,22,1.23,-,5,-,21.4%,21.0%,-,10,17,#14,
,Enable,DOM,SEA,LW,FL,1/24,G,#00007,#00002,Gun Runner,W,SMG,27,23,1.17,-,4,-,21.4%,21.9%,-,14,13,#15,
,Maux,DOM,FL,LW,SEA,1/24,G,#00007,#00002,Gun Runner,L,AR,23,22,1.05,-,1,-,21.9%,17.5%,-,11,12,#16,
,Skyz,DOM,FL,LW,SEA,1/24,G,#00007,#00002,Gun Runner,L,Flex,22,26,0.85,-,-4,-,21.0%,20.6%,-,14,8,#17,
,Frosty,DOM,FL,LW,SEA,1/24,G,#00007,#00002,Gun Runner,L,Flex,19,23,0.83,-,-4,-,18.1%,18.3%,-,7,12,#18,
,Havok,DOM,FL,LW,SEA,1/24,G,#00007,#00002,Gun Runner,L,SMG,21,26,0.81,-,-5,-,20.0%,20.6%,-,14,7,#19,
,Prestinni,DOM,FL,LW,SEA,1/24,G,#00007,#00002,Gun Runner,L,SMG,20,29,0.69,-,-9,-,19.0%,23.0%,-,9,11,#20,
,AquA,DOM,LAG,LW,MIN,1/24,G,#00012,#00003,Hackney,L,AR,27,27,1.00,-,0,-,21.6%,18.9%,-,13,14,#21,
,ACHES,DOM,LAG,LW,MIN,1/24,G,#00012,#00003,Hackney,L,Flex,20,35,0.57,-,-15,-,16.0%,24.5%,-,12,8,#22,
,Lacefield,DOM,LAG,LW,MIN,1/24,G,#00012,#00003,Hackney,L,Flex,27,25,1.08,-,2,-,21.6%,17.5%,-,11,16,#23,
,Decemate,DOM,LAG,LW,MIN,1/24,G,#00012,#00003,Hackney,L,SMG,32,25,1.28,-,7,-,25.6%,17.5%,-,15,17,#24,
,Saints,DOM,LAG,LW,MIN,1/24,G,#00012,#00003,Hackney,L,SMG,19,31,0.61,-,-12,-,15.2%,21.7%,-,11,8,#25,
,Assault,DOM,MIN,LW,LAG,1/24,G,#00012,#00003,Hackney,W,AR,32,19,1.68,-,13,-,22.5%,15.2%,-,17,15,#26,
,SiLLY,DOM,MIN,LW,LAG,1/24,G,#00012,#00003,Hackney,W,Flex,27,27,1.00,-,0,-,19.0%,21.6%,-,16,11,#27,
,GodRx,DOM,MIN,LW,LAG,1/24,G,#00012,#00003,Hackney,W,Flex,30,24,1.25,-,6,-,21.1%,19.2%,-,14,16,#28,
,Alexx,DOM,MIN,LW,LAG,1/24,G,#00012,#00003,Hackney,W,SMG,26,29,0.90,-,-3,-,18.3%,23.2%,-,12,14,#29,
,Asim,DOM,MIN,LW,LAG,1/24,G,#00012,#00003,Hackney,W,SMG,27,26,1.04,-,1,-,19.0%,20.8%,-,15,12,#30,
,wuskin,DOM,LON,LW,NY,1/25,G,#00016,#00004,Hackney,W,AR,32,14,2.29,-,18,4,23.5%,13.6%,-,15,17,#31,
,Rated,DOM,LON,LW,NY,1/25,G,#00016,#00004,Hackney,W,Flex,24,20,1.20,-,4,7,17.6%,19.4%,-,12,12,#32,
,Skrapz,DOM,LON,LW,NY,1/25,G,#00016,#00004,Hackney,W,Flex,22,22,1.00,-,0,8,16.2%,21.4%,-,13,9,#33,
,Dylan,DOM,LON,LW,NY,1/25,G,#00016,#00004,Hackney,W,SMG,31,28,1.11,-,3,10,22.8%,27.2%,-,18,13,#34,
,Jurd,DOM,LON,LW,NY,1/25,G,#00016,#00004,Hackney,W,SMG,27,19,1.42,-,8,8,19.9%,18.4%,-,8,19,#35,
,Accuracy,DOM,NY,LW,LON,1/25,G,#00016,#00004,Hackney,L,AR,16,27,0.59,-,-11,5,15.5%,19.9%,-,7,9,#36,
,Zer0,DOM,NY,LW,LON,1/25,G,#00016,#00004,Hackney,L,Flex,18,24,0.75,-,-6,1,17.5%,17.6%,-,14,4,#37,
,Attach,DOM,NY,LW,LON,1/25,G,#00016,#00004,Hackney,L,Flex,21,31,0.68,-,-10,5,20.4%,22.8%,-,11,10,#38,
,Temp,DOM,NY,LW,LON,1/25,G,#00016,#00004,Hackney,L,SMG,23,26,0.88,-,-3,4,22.3%,19.1%,-,8,15,#39,
,ZooMaa,DOM,NY,LW,LON,1/25,G,#00016,#00004,Hackney,L,SMG,25,28,0.89,-,-3,6,24.3%,20.6%,-,16,9,#40,
,Methodz,DOM,TOR,LW,SEA,1/25,G,#00019,#00005,Gun Runner,L,AR,25,19,1.32,-,6,7,20.5%,16.1%,-,10,15,#41,
,Cammy,DOM,TOR,LW,SEA,1/25,G,#00019,#00005,Gun Runner,L,Flex,31,26,1.19,-,5,8,25.4%,22.0%,-,14,17,#42,
,MeTTalZz,DOM,TOR,LW,SEA,1/25,G,#00019,#00005,Gun Runner,L,Flex,20,23,0.87,-,-3,7,16.4%,19.5%,-,12,8,#43,
,Loony,DOM,TOR,LW,SEA,1/25,G,#00019,#00005,Gun Runner,L,SMG,17,24,0.71,-,-7,6,13.9%,20.3%,-,9,8,#44,
,Classic,DOM,TOR,LW,SEA,1/25,G,#00019,#00005,Gun Runner,L,SMG,29,26,1.12,-,3,6,23.8%,22.0%,-,19,10,#45,
,Octane,DOM,SEA,LW,TOR,1/25,G,#00019,#00005,Gun Runner,W,AR,28,25,1.12,-,3,6,23.7%,20.5%,-,10,18,#46,
,Karma,DOM,SEA,LW,TOR,1/25,G,#00019,#00005,Gun Runner,W,Flex,24,24,1.00,-,0,4,20.3%,19.7%,-,16,8,#47,
,Slacked,DOM,SEA,LW,TOR,1/25,G,#00019,#00005,Gun Runner,W,Flex,26,23,1.13,-,3,5,22.0%,18.9%,-,16,10,#48,
,Apathy,DOM,SEA,LW,TOR,1/25,G,#00019,#00005,Gun Runner,W,SMG,22,23,0.96,-,-1,8,18.6%,18.9%,-,10,12,#49,
,Enable,DOM,SEA,LW,TOR,1/25,G,#00019,#00005,Gun Runner,W,SMG,18,27,0.67,-,-9,4,15.3%,22.1%,-,10,8,#50,
,AquA,DOM,LAG,LW,FL,1/25,G,#00024,#00006,Hackney,W,AR,30,18,1.67,-,12,4,21.7%,14.0%,-,10,20,#51,
,ACHES,DOM,LAG,LW,FL,1/25,G,#00024,#00006,Hackney,W,Flex,36,31,1.16,-,5,1,26.1%,24.0%,-,10,26,#52,
,Lacefield,DOM,LAG,LW,FL,1/25,G,#00024,#00006,Hackney,W,Flex,25,28,0.89,-,-3,3,18.1%,21.7%,-,10,15,#53,
,Decemate,DOM,LAG,LW,FL,1/25,G,#00024,#00006,Hackney,W,SMG,23,25,0.92,-,-2,3,16.7%,19.4%,-,13,10,#54,
,Saints,DOM,LAG,LW,FL,1/25,G,#00024,#00006,Hackney,W,SMG,24,27,0.89,-,-3,6,17.4%,20.9%,-,14,10,#55,
,Maux,DOM,FL,LW,LAG,1/25,G,#00024,#00006,Hackney,L,AR,24,25,0.96,-,-1,2,18.6%,18.1%,-,9,15,#56,
,Skyz,DOM,FL,LW,LAG,1/25,G,#00024,#00006,Hackney,L,Flex,25,26,0.96,-,-1,2,19.4%,18.8%,-,9,16,#57,
,Frosty,DOM,FL,LW,LAG,1/25,G,#00024,#00006,Hackney,L,Flex,20,31,0.65,-,-11,1,15.5%,22.5%,-,12,8,#58,
,Havok,DOM,FL,LW,LAG,1/25,G,#00024,#00006,Hackney,L,SMG,24,28,0.86,-,-4,5,18.6%,20.3%,-,15,9,#59,
,Prestinni,DOM,FL,LW,LAG,1/25,G,#00024,#00006,Hackney,L,SMG,36,28,1.29,-,8,8,27.9%,20.3%,-,19,17,#60,
,Slasher,DOM,OGLA,LW,PAR,1/25,G,#00029,#00007,Gun Runner,L,AR,16,27,0.59,-,-11,11,14.7%,21.3%,-,8,8,#61,
,Dashy,DOM,OGLA,LW,PAR,1/25,G,#00029,#00007,Gun Runner,L,Flex,23,23,1.00,-,0,9,21.1%,18.1%,-,13,10,#62,
,JKap,DOM,OGLA,LW,PAR,1/25,G,#00029,#00007,Gun Runner,L,Flex,21,28,0.75,-,-7,8,19.3%,22.0%,-,9,12,#63,
,Kenny,DOM,OGLA,LW,PAR,1/25,G,#00029,#00007,Gun Runner,L,SMG,27,25,1.08,-,2,7,24.8%,19.7%,-,10,17,#64,
,TJHaly,DOM,OGLA,LW,PAR,1/25,G,#00029,#00007,Gun Runner,L,SMG,22,24,0.92,-,-2,0,20.2%,18.9%,-,15,7,#65,
,Denz,DOM,PAR,LW,OGLA,1/25,G,#00029,#00007,Gun Runner,W,AR,24,20,1.20,-,4,7,18.3%,18.0%,-,11,13,#66,
,Shockz,DOM,PAR,LW,OGLA,1/25,G,#00029,#00007,Gun Runner,W,Flex,26,22,1.18,-,4,8,19.8%,19.8%,-,14,12,#67,
,Louqa,DOM,PAR,LW,OGLA,1/25,G,#00029,#00007,Gun Runner,W,Flex,22,22,1.00,-,0,8,16.8%,19.8%,-,8,14,#68,
,KiSMET,DOM,PAR,LW,OGLA,1/25,G,#00029,#00007,Gun Runner,W,SMG,33,22,1.50,-,11,10,25.2%,19.8%,-,17,16,#69,
,Zed,DOM,PAR,LW,OGLA,1/25,G,#00029,#00007,Gun Runner,W,SMG,26,25,1.04,-,1,4,19.8%,22.5%,-,12,14,#70,
,Crimsix,DOM,DAL,LW,ATL,1/25,G,#00034,#00008,Gun Runner,L,Flex,19,27,0.70,-,-8,8,17.0%,20.1%,-,7,12,#71,
,Clayster,DOM,DAL,LW,ATL,1/25,G,#00034,#00008,Gun Runner,L,AR,25,25,1.00,-,0,7,22.3%,18.7%,-,12,13,#72,
,iLLey,DOM,DAL,LW,ATL,1/25,G,#00034,#00008,Gun Runner,L,Flex,34,26,1.31,-,8,7,30.4%,19.4%,-,16,18,#73,
,Huke,DOM,DAL,LW,ATL,1/25,G,#00034,#00008,Gun Runner,L,SMG,12,26,0.46,-,-14,9,10.7%,19.4%,-,6,6,#74,
,Shotzzy,DOM,DAL,LW,ATL,1/25,G,#00034,#00008,Gun Runner,L,SMG,22,30,0.73,-,-8,9,19.6%,22.4%,-,10,12,#75,
,Cellium,DOM,ATL,LW,DAL,43855,G,#00034,#00008,Gun Runner,W,AR,26,25,1.04,-,1,8,19.4%,22.3%,-,7,19,#76,
,MajorManiak,DOM,ATL,LW,DAL,43855,G,#00034,#00008,Gun Runner,W,Flex,13,15,0.87,-,-2,6,9.7%,13.4%,-,9,4,#77,
,Priestahh,DOM,ATL,LW,DAL,43855,G,#00034,#00008,Gun Runner,W,Flex,27,26,1.04,-,1,9,20.1%,23.2%,-,16,11,#78,
,aBeZy,DOM,ATL,LW,DAL,43855,G,#00034,#00008,Gun Runner,W,SMG,29,24,1.21,-,5,11,21.6%,21.4%,-,15,14,#79,
,Simp,DOM,ATL,LW,DAL,43855,G,#00034,#00008,Gun Runner,W,SMG,39,22,1.77,-,17,11,29.1%,19.6%,-,13,26,#80,
,Denz,DOM,PAR,LW,LON,1/26,G,#00037,#00009,Gun Runner,W,AR,16,21,0.76,-,-5,6,13.7%,18.4%,-,8,8,#81,
,Shockz,DOM,PAR,LW,LON,1/26,G,#00037,#00009,Gun Runner,W,Flex,25,22,1.14,-,3,3,21.4%,19.3%,-,15,10,#82,
,Louqa,DOM,PAR,LW,LON,1/26,G,#00037,#00009,Gun Runner,W,Flex,23,24,0.96,-,-1,4,19.7%,21.1%,-,10,13,#83,
,KiSMET,DOM,PAR,LW,LON,1/26,G,#00037,#00009,Gun Runner,W,SMG,25,25,1.00,-,0,5,21.4%,21.9%,-,12,13,#84,
,Zed,DOM,PAR,LW,LON,1/26,G,#00037,#00009,Gun Runner,W,SMG,28,22,1.27,-,6,4,23.9%,19.3%,-,12,16,#85,
,wuskin,DOM,LON,LW,PAR,1/26,G,#00037,#00009,Gun Runner,L,AR,28,18,1.56,-,10,5,24.6%,15.3%,-,13,15,#86,
,Rated,DOM,LON,LW,PAR,1/26,G,#00037,#00009,Gun Runner,L,Flex,19,23,0.83,-,-4,9,16.7%,19.5%,-,6,13,#87,
,Skrapz,DOM,LON,LW,PAR,1/26,G,#00037,#00009,Gun Runner,L,Flex,21,25,0.84,-,-4,7,18.4%,21.2%,-,10,11,#88,
,Dylan,DOM,LON,LW,PAR,1/26,G,#00037,#00009,Gun Runner,L,SMG,24,27,0.89,-,-3,10,21.1%,22.9%,-,12,12,#89,
,Jurd,DOM,LON,LW,PAR,1/26,G,#00037,#00009,Gun Runner,L,SMG,22,25,0.88,-,-3,8,19.3%,21.2%,-,10,12,#90,
,Arcitys,DOM,CHI,LW,OGLA,1/26,G,#00040,#00010,Hackney,W,AR,22,29,0.76,-,-7,3,15.4%,21.2%,-,11,11,#91,
,Formal,DOM,CHI,LW,OGLA,1/26,G,#00040,#00010,Hackney,W,Flex,32,23,1.39,-,9,3,22.4%,16.8%,-,17,15,#92,
,Gunless,DOM,CHI,LW,OGLA,1/26,G,#00040,#00010,Hackney,W,Flex,28,31,0.90,-,-3,3,19.6%,22.6%,-,14,14,#93,
,Envoy,DOM,CHI,LW,OGLA,1/26,G,#00040,#00010,Hackney,W,SMG,28,28,1.00,-,0,2,19.6%,20.4%,-,13,15,#94,
,Scump,DOM,CHI,LW,OGLA,1/26,G,#00040,#00010,Hackney,W,SMG,33,26,1.27,-,7,4,23.1%,19.0%,-,18,15,#95,
,Slasher,DOM,OGLA,LW,CHI,1/26,G,#00040,#00010,Hackney,L,AR,30,24,1.25,-,6,2,21.9%,16.8%,-,13,17,#96,
,Dashy,DOM,OGLA,LW,CHI,1/26,G,#00040,#00010,Hackney,L,Flex,26,28,0.93,-,-2,3,19.0%,19.6%,-,13,13,#97,
,JKap,DOM,OGLA,LW,CHI,1/26,G,#00040,#00010,Hackney,L,Flex,26,27,0.96,-,-1,4,19.0%,18.9%,-,15,11,#98,
,Kenny,DOM,OGLA,LW,CHI,1/26,G,#00040,#00010,Hackney,L,SMG,31,30,1.03,-,1,3,22.6%,21.0%,-,17,14,#99,
,TJHaly,DOM,OGLA,LW,CHI,1/26,G,#00040,#00010,Hackney,L,SMG,24,34,0.71,-,-10,5,17.5%,23.8%,-,14,10,#100,
,Accuracy,DOM,NY,LW,ATL,1/26,G,#00043,#00011,Hackney,W,AR,27,26,1.04,-,1,9,20.5%,21.0%,-,11,16,#101,
,Zer0,DOM,NY,LW,ATL,1/26,G,#00043,#00011,Hackney,W,Flex,22,26,0.85,-,-4,4,16.7%,21.0%,-,10,12,#102,
,Attach,DOM,NY,LW,ATL,1/26,G,#00043,#00011,Hackney,W,Flex,28,24,1.17,-,4,6,21.2%,19.4%,-,14,14,#103,
,Temp,DOM,NY,LW,ATL,1/26,G,#00043,#00011,Hackney,W,SMG,24,21,1.14,-,3,6,18.2%,16.9%,-,12,12,#104,
,ZooMaa,DOM,NY,LW,ATL,1/26,G,#00043,#00011,Hackney,W,SMG,31,27,1.15,-,4,2,23.5%,21.8%,-,19,12,#105,
,Cellium,DOM,ATL,LW,NY,1/26,G,#00043,#00011,Hackney,L,AR,28,26,1.08,-,2,3,22.2%,19.4%,-,10,18,#106,
,MajorManiak,DOM,ATL,LW,NY,1/26,G,#00043,#00011,Hackney,L,Flex,21,24,0.88,-,-3,7,16.7%,17.9%,-,13,8,#107,
,Priestahh,DOM,ATL,LW,NY,1/26,G,#00043,#00011,Hackney,L,Flex,25,29,0.86,-,-4,6,19.8%,21.6%,-,14,11,#108,
,aBeZy,DOM,ATL,LW,NY,1/26,G,#00043,#00011,Hackney,L,SMG,33,27,1.22,-,6,2,26.2%,20.1%,-,20,13,#109,
,Simp,DOM,ATL,LW,NY,1/26,G,#00043,#00011,Hackney,L,SMG,19,28,0.68,-,-9,3,15.1%,20.9%,-,10,9,#110,
,Assault,DOM,MIN,LW,TOR,1/26,G,#00047,#00012,Hackney,W,AR,23,22,1.05,-,1,4,18.0%,17.9%,-,10,13,#111,
,SiLLY,DOM,MIN,LW,TOR,1/26,G,#00047,#00012,Hackney,W,Flex,27,30,0.90,-,-3,5,21.1%,24.4%,-,14,13,#112,
,GodRx,DOM,MIN,LW,TOR,1/26,G,#00047,#00012,Hackney,W,Flex,23,22,1.05,-,1,4,18.0%,17.9%,-,12,11,#113,
,Alexx,DOM,MIN,LW,TOR,1/26,G,#00047,#00012,Hackney,W,SMG,27,24,1.13,-,3,4,21.1%,19.5%,-,12,15,#114,
,Asim,DOM,MIN,LW,TOR,1/26,G,#00047,#00012,Hackney,W,SMG,28,25,1.12,-,3,3,21.9%,20.3%,-,15,13,#115,
,Methodz,DOM,TOR,LW,MIN,1/26,G,#00047,#00012,Hackney,L,AR,32,21,1.52,-,11,3,24.6%,16.8%,-,16,16,#116,
,Cammy,DOM,TOR,LW,MIN,1/26,G,#00047,#00012,Hackney,L,Flex,23,27,0.85,-,-4,3,17.7%,21.6%,-,12,11,#117,
,MeTTalZz,DOM,TOR,LW,MIN,1/26,G,#00047,#00012,Hackney,L,Flex,32,21,1.52,-,11,3,24.6%,16.8%,-,18,14,#118,
,Loony,DOM,TOR,LW,MIN,1/26,G,#00047,#00012,Hackney,L,SMG,19,27,0.70,-,-8,4,14.6%,21.6%,-,6,13,#119,
,Classic,DOM,TOR,LW,MIN,1/26,G,#00047,#00012,Hackney,L,SMG,24,29,0.83,-,-5,4,18.5%,23.2%,-,13,11,#120,
,Skyz,DOM,FL,LA,ATL,3/7,G,#00158,#00039,Gun Runner,L,AR,21,18,1.17,4,3,8,27.3%,15.7%,-%,12,9,#121,
,Maux,DOM,FL,LA,ATL,3/7,G,#00158,#00039,Gun Runner,L,FLEX,9,24,0.38,6,-15,9,11.7%,20.9%,-%,5,4,#122,
,Fero,DOM,FL,LA,ATL,3/7,G,#00158,#00039,Gun Runner,L,FLEX,17,23,0.74,4,-6,9,22.1%,20.0%,-%,10,7,#123,
,Frosty,DOM,FL,LA,ATL,3/7,G,#00158,#00039,Gun Runner,L,SMG,18,24,0.75,4,-6,8,23.4%,20.9%,-%,10,8,#124,
,Havok,DOM,FL,LA,ATL,3/7,G,#00158,#00039,Gun Runner,L,SMG,12,26,0.46,4,-14,11,15.6%,22.6%,-%,3,9,#125,
,Cellium,DOM,ATL,LA,FL,3/7,G,#00158,#00039,Gun Runner,W,FLEX,34,13,2.62,6,21,9,29.3%,16.9%,-%,21,13,#126,
,MajorManiak,DOM,ATL,LA,FL,3/7,G,#00158,#00039,Gun Runner,W,AR,17,13,1.31,8,4,2,14.7%,16.9%,-%,11,6,#127,
,Priestahh,DOM,ATL,LA,FL,3/7,G,#00158,#00039,Gun Runner,W,FLEX,22,17,1.29,2,5,10,19.0%,22.1%,-%,13,9,#128,
,aBeZy,DOM,ATL,LA,FL,3/7,G,#00158,#00039,Gun Runner,W,SMG,17,18,0.94,5,-1,7,14.7%,23.4%,-%,6,11,#129,
,Simp,DOM,ATL,LA,FL,3/7,G,#00158,#00039,Gun Runner,W,SMG,26,16,1.63,11,10,10,22.4%,20.8%,-%,8,18,#130,
,Assault,DOM,MIN,LA,SEA,3/7,G,#00161,#00040,St Petro,W,AR,17,17,1.00,6,0,4,15.5%,19.5%,-,9,8,#131,
,SiLLY,DOM,MIN,LA,SEA,3/7,G,#00161,#00040,St Petro,W,FLEX,22,20,1.10,5,2,7,20.0%,23.0%,-,10,12,#132,
,GodRx,DOM,MIN,LA,SEA,3/7,G,#00161,#00040,St Petro,W,FLEX,16,16,1.00,11,0,3,14.5%,18.4%,-,8,8,#133,
,Alexx,DOM,MIN,LA,SEA,3/7,G,#00161,#00040,St Petro,W,SMG,30,18,1.67,6,12,6,27.3%,20.7%,-,15,15,#134,
,Asim,DOM,MIN,LA,SEA,3/7,G,#00161,#00040,St Petro,W,SMG,25,16,1.56,4,9,7,22.7%,18.4%,-,13,12,#135,
,Octane,DOM,SEA,LA,MIN,3/7,G,#00161,#00040,St Petro,L,AR,17,23,0.74,6,-6,3,19.5%,20.9%,-,7,10,#136,
,Karma,DOM,SEA,LA,MIN,3/7,G,#00161,#00040,St Petro,L,FLEX,13,23,0.57,7,-10,5,14.9%,20.9%,-,5,8,#137,
,Slacked,DOM,SEA,LA,MIN,3/7,G,#00161,#00040,St Petro,L,SMG,18,20,0.90,5,-2,4,20.7%,18.2%,-,11,7,#138,
,Pandur,DOM,SEA,LA,MIN,3/7,G,#00161,#00040,St Petro,L,FLEX,22,21,1.05,0,1,4,25.3%,19.1%,-,11,11,#139,
,Apathy,DOM,SEA,LA,MIN,3/7,G,#00161,#00040,St Petro,L,SMG,17,23,0.74,4,-6,3,19.5%,20.9%,-,7,10,#140,
,Clayster,DOM,DAL,LA,NY,3/7,G,#00165,#00041,Hackney,W,AR,26,19,1.37,5,7,8,23.6%,19.6%,-,15,11,#141,
,Crimsix,DOM,DAL,LA,NY,3/7,G,#00165,#00041,Hackney,W,FLEX,16,16,1.00,10,0,3,14.5%,16.5%,-,7,9,#142,
,iLLey,DOM,DAL,LA,NY,3/7,G,#00165,#00041,Hackney,W,FLEX,22,17,1.29,5,5,4,20.0%,17.5%,-,9,13,#143,
,Huke,DOM,DAL,LA,NY,3/7,G,#00165,#00041,Hackney,W,SMG,22,25,0.88,5,-3,3,20.0%,25.8%,-,9,13,#144,
,Shotzzy,DOM,DAL,LA,NY,3/7,G,#00165,#00041,Hackney,W,SMG,24,20,1.20,4,4,4,21.8%,20.6%,-,11,13,#145,
,Accuracy,DOM,NY,LA,DAL,3/7,G,#00165,#00041,Hackney,L,AR,23,24,0.96,10,-1,4,23.7%,21.8%,-,10,13,#146,
,Happy,DOM,NY,LA,DAL,3/7,G,#00165,#00041,Hackney,L,FLEX,15,24,0.63,3,-9,2,15.5%,21.8%,-,5,10,#147,
,Attach,DOM,NY,LA,DAL,3/7,G,#00165,#00041,Hackney,L,FLEX,17,19,0.89,6,-2,8,17.5%,17.3%,-,9,8,#148,
,Temp,DOM,NY,LA,DAL,3/7,G,#00165,#00041,Hackney,L,SMG,18,22,0.82,8,-4,3,18.6%,20.0%,-,11,7,#149,
,ZooMaa,DOM,NY,LA,DAL,3/7,G,#00165,#00041,Hackney,L,SMG,24,21,1.14,3,3,5,24.7%,19.1%,-,9,15,#150,
,AquA,DOM,LAG,LA,OGLA,3/7,G,#00169,#00042,Hackney,L,AR,28,30,0.93,8,-2,1,27.5%,21.1%,-,15,13,#151,
,Blazt,DOM,LAG,LA,OGLA,3/7,G,#00169,#00042,Hackney,L,FLEX,22,27,0.81,4,-5,2,21.6%,19.0%,-,13,9,#152,
,Spart,DOM,LAG,LA,OGLA,3/7,G,#00169,#00042,Hackney,L,FLEX,14,23,0.61,6,-9,7,13.7%,16.2%,-,7,7,#153,
,Decemate,DOM,LAG,LA,OGLA,3/7,G,#00169,#00042,Hackney,L,SMG,18,29,0.62,7,-11,0,17.6%,20.4%,-,7,11,#154,
,Vivid,DOM,LAG,LA,OGLA,3/7,G,#00169,#00042,Hackney,L,SMG,20,33,0.61,3,-13,3,19.6%,23.2%,-,10,10,#155,
,Slasher,DOM,OGLA,LA,LAG,3/7,G,#00169,#00042,Hackney,W,AR,30,17,1.76,10,13,2,21.1%,16.7%,-,15,15,#156,
,Dashy,DOM,OGLA,LA,LAG,3/7,G,#00169,#00042,Hackney,W,FLEX,29,19,1.53,10,10,2,20.4%,18.6%,-,13,16,#157,
,JKap,DOM,OGLA,LA,LAG,3/7,G,#00169,#00042,Hackney,W,FLEX,25,22,1.14,12,3,4,17.6%,21.6%,-,14,11,#158,
,Kenny,DOM,OGLA,LA,LAG,3/7,G,#00169,#00042,Hackney,W,SMG,25,22,1.14,7,3,7,17.6%,21.6%,-,15,10,#159,
,TJHaly,DOM,OGLA,LA,LAG,3/7,G,#00169,#00042,Hackney,W,SMG,33,22,1.50,6,11,2,23.2%,21.6%,-,17,16,#160,
,Clayster,DOM,DAL,LA,ATL,3/7,G,#00174,#00043,Hackney,L,AR,23,23,1.00,8,0,6,23.2%,20.0%,-,11,12,#161,
,Crimsix,DOM,DAL,LA,ATL,3/7,G,#00174,#00043,Hackney,L,FLEX,21,22,0.95,10,-1,4,21.2%,19.1%,-,11,10,#162,
,iLLey,DOM,DAL,LA,ATL,3/7,G,#00174,#00043,Hackney,L,FLEX,13,25,0.52,6,-12,5,13.1%,21.7%,-,8,5,#163,
,Huke,DOM,DAL,LA,ATL,3/7,G,#00174,#00043,Hackney,L,SMG,24,22,1.09,3,2,6,24.2%,19.1%,-,10,14,#164,
,Shotzzy,DOM,DAL,LA,ATL,3/7,G,#00174,#00043,Hackney,L,SMG,18,23,0.78,3,-5,8,18.2%,20.0%,-,11,7,#165,
,Cellium,DOM,ATL,LA,DAL,3/7,G,#00174,#00043,Hackney,W,FLEX,29,23,1.26,10,6,3,25.2%,23.2%,-,16,13,#166,
,MajorManiak,DOM,ATL,LA,DAL,3/7,G,#00174,#00043,Hackney,W,AR,15,18,0.83,11,-3,6,13.0%,18.2%,-,7,8,#167,
,Priestahh,DOM,ATL,LA,DAL,3/7,G,#00174,#00043,Hackney,W,FLEX,20,17,1.18,4,3,4,17.4%,17.2%,-,10,10,#168,
,aBeZy,DOM,ATL,LA,DAL,3/7,G,#00174,#00043,Hackney,W,SMG,26,23,1.13,8,3,5,22.6%,23.2%,-,14,12,#169,
,Simp,DOM,ATL,LA,DAL,3/7,G,#00174,#00043,Hackney,W,SMG,25,18,1.39,11,7,5,21.7%,18.2%,-,14,11,#170,
,Skyz,DOM,FL,LA,NY,3/7,G,#00177,#00044,Hackney,W,AR,21,17,1.24,6,4,2,17.5%,21.0%,-,12,9,#171,
,Maux,DOM,FL,LA,NY,3/7,G,#00177,#00044,Hackney,W,FLEX,23,13,1.77,8,10,6,19.2%,16.0%,-,9,14,#172,
,Fero,DOM,FL,LA,NY,3/7,G,#00177,#00044,Hackney,W,FLEX,32,16,2.00,5,16,3,26.7%,19.8%,-,15,17,#173,
,Frosty,DOM,FL,LA,NY,3/7,G,#00177,#00044,Hackney,W,SMG,24,18,1.33,6,6,4,20.0%,22.2%,-,11,13,#174,
,Havok,DOM,FL,LA,NY,3/7,G,#00177,#00044,Hackney,W,SMG,20,17,1.18,7,3,4,16.7%,21.0%,-,12,8,#175,
,Accuracy,DOM,NY,LA,FL,3/7,G,#00177,#00044,Hackney,L,AR,18,21,0.86,4,-3,6,22.2%,17.5%,-,9,9,#176,
,Happy,DOM,NY,LA,FL,3/7,G,#00177,#00044,Hackney,L,FLEX,11,29,0.38,3,-18,4,13.6%,24.2%,-,4,7,#177,
,Attach,DOM,NY,LA,FL,3/7,G,#00177,#00044,Hackney,L,FLEX,19,22,0.86,4,-3,6,23.5%,18.3%,-,6,13,#178,
,Temp,DOM,NY,LA,FL,3/7,G,#00177,#00044,Hackney,L,SMG,17,23,0.74,4,-6,3,21.0%,19.2%,-,9,8,#179,
,ZooMaa,DOM,NY,LA,FL,3/7,G,#00177,#00044,Hackney,L,SMG,16,25,0.64,6,-9,4,19.8%,20.8%,-,6,10,#180,
,Assault,DOM,MIN,LA,OGLA,3/7,G,#00181,#00045,St Petro,L,AR,19,19,1.00,4,0,2,20.2%,17.3%,-,8,11,#181,
,SiLLY,DOM,MIN,LA,OGLA,3/7,G,#00181,#00045,St Petro,L,FLEX,15,26,0.58,8,-11,5,16.0%,23.6%,-,7,8,#182,
,GodRx,DOM,MIN,LA,OGLA,3/7,G,#00181,#00045,St Petro,L,FLEX,16,19,0.84,8,-3,5,17.0%,17.3%,-,7,9,#183,
,Alexx,DOM,MIN,LA,OGLA,3/7,G,#00181,#00045,St Petro,L,SMG,21,25,0.84,5,-4,8,22.3%,22.7%,-,9,12,#184,
,Asim,DOM,MIN,LA,OGLA,3/7,G,#00181,#00045,St Petro,L,SMG,23,21,1.10,7,2,7,24.5%,19.1%,-,12,11,#185,
,Slasher,DOM,OGLA,LA,MIN,3/7,G,#00181,#00045,St Petro,W,AR,24,10,2.40,6,14,2,21.8%,10.6%,-,8,16,#186,
,Dashy,DOM,OGLA,LA,MIN,3/7,G,#00181,#00045,St Petro,W,FLEX,26,22,1.18,7,4,3,23.6%,23.4%,-,12,14,#187,
,JKap,DOM,OGLA,LA,MIN,3/7,G,#00181,#00045,St Petro,W,FLEX,13,19,0.68,13,-6,5,11.8%,20.2%,-,7,6,#188,
,Kenny,DOM,OGLA,LA,MIN,3/7,G,#00181,#00045,St Petro,W,SMG,23,23,1.00,5,0,3,20.9%,24.5%,-,15,8,#189,
,TJHaly,DOM,OGLA,LA,MIN,3/7,G,#00181,#00045,St Petro,W,SMG,24,20,1.20,4,4,7,21.8%,21.3%,-,10,14,#190,
,AquA,DOM,LAG,LA,SEA,3/7,G,#00184,#00046,Hackney,L,AR,21,31,0.68,9,-10,4,20.8%,22.3%,-,10,11,#191,
,Blazt,DOM,LAG,LA,SEA,3/7,G,#00184,#00046,Hackney,L,FLEX,21,29,0.72,8,-8,3,20.8%,20.9%,-,8,13,#192,
,Spart,DOM,LAG,LA,SEA,3/7,G,#00184,#00046,Hackney,L,FLEX,17,26,0.65,6,-9,6,16.8%,18.7%,-,8,9,#193,
,Decemate,DOM,LAG,LA,SEA,3/7,G,#00184,#00046,Hackney,L,SMG,22,24,0.92,7,-2,2,21.8%,17.3%,-,14,8,#194,
,Vivid,DOM,LAG,LA,SEA,3/7,G,#00184,#00046,Hackney,L,SMG,20,29,0.69,6,-9,1,19.8%,20.9%,-,10,10,#195,
,Octane,DOM,SEA,LA,LAG,3/7,G,#00184,#00046,Hackney,W,AR,33,20,1.65,7,13,3,23.7%,19.8%,-,15,18,#196,
,Karma,DOM,SEA,LA,LAG,3/7,G,#00184,#00046,Hackney,W,FLEX,26,19,1.37,6,7,4,18.7%,18.8%,-,13,13,#197,
,Slacked,DOM,SEA,LA,LAG,3/7,G,#00184,#00046,Hackney,W,SMG,27,16,1.69,8,11,7,19.4%,15.8%,-,15,12,#198,
,Pandur,DOM,SEA,LA,LAG,3/7,G,#00184,#00046,Hackney,W,FLEX,28,24,1.17,8,4,7,20.1%,23.8%,-,14,14,#199,
,Apathy,DOM,SEA,LA,LAG,3/7,G,#00184,#00046,Hackney,W,SMG,25,22,1.14,6,3,5,18.0%,21.8%,-,17,8,#200,
,Skyz,DOM,FL,LA,DAL,3/8,G,#00187,#00047,Hackney,L,AR,26,19,1.37,7,7,1,26.3%,17.3%,-,16,10,#201,
,Maux,DOM,FL,LA,DAL,3/8,G,#00187,#00047,Hackney,L,FLEX,14,16,0.88,4,-2,5,14.1%,14.5%,-,6,8,#202,
,Fero,DOM,FL,LA,DAL,3/8,G,#00187,#00047,Hackney,L,FLEX,22,29,0.76,9,-7,3,22.2%,26.4%,-,9,13,#203,
,Frosty,DOM,FL,LA,DAL,3/8,G,#00187,#00047,Hackney,L,SMG,20,24,0.83,8,-4,3,20.2%,21.8%,-,8,12,#204,
,Havok,DOM,FL,LA,DAL,3/8,G,#00187,#00047,Hackney,L,SMG,17,22,0.77,6,-5,6,17.2%,20.0%,-,9,8,#205,
,Clayster,DOM,DAL,LA,FL,3/8,G,#00187,#00047,Hackney,W,AR,21,17,1.24,4,4,7,19.1%,17.2%,-,8,13,#206,
,Crimsix,DOM,DAL,LA,FL,3/8,G,#00187,#00047,Hackney,W,FLEX,26,22,1.18,7,4,3,23.6%,22.2%,-,12,14,#207,
,iLLey,DOM,DAL,LA,FL,3/8,G,#00187,#00047,Hackney,W,FLEX,26,20,1.30,7,6,3,23.6%,20.2%,-,12,14,#208,
,Huke,DOM,DAL,LA,FL,3/8,G,#00187,#00047,Hackney,W,SMG,17,19,0.89,7,-2,4,15.5%,19.2%,-,8,9,#209,
,Shotzzy,DOM,DAL,LA,FL,3/8,G,#00187,#00047,Hackney,W,SMG,20,21,0.95,11,-1,4,18.2%,21.2%,-,10,10,#210,
,Assault,DOM,MIN,LA,SEA,3/8,G,#00190,#00048,Hackney,W,AR,17,17,1.00,5,0,9,16.8%,15.2%,-,5,12,#211,
,SiLLY,DOM,MIN,LA,SEA,3/8,G,#00190,#00048,Hackney,W,FLEX,16,24,0.67,8,-8,6,15.8%,21.4%,-,8,8,#212,
,GodRx,DOM,MIN,LA,SEA,3/8,G,#00190,#00048,Hackney,W,FLEX,28,21,1.33,3,7,1,27.7%,18.8%,-,13,15,#213,
,Alexx,DOM,MIN,LA,SEA,3/8,G,#00190,#00048,Hackney,W,SMG,19,20,0.95,2,-1,5,18.8%,17.9%,-,13,6,#214,
,Asim,DOM,MIN,LA,SEA,3/8,G,#00190,#00048,Hackney,W,SMG,21,30,0.70,5,-9,3,20.8%,26.8%,-,12,9,#215,
,Octane,DOM,SEA,LA,MIN,3/8,G,#00190,#00048,Hackney,L,AR,22,18,1.22,11,4,6,19.6%,17.8%,-,10,12,#216,
,Karma,DOM,SEA,LA,MIN,3/8,G,#00190,#00048,Hackney,L,FLEX,24,23,1.04,6,1,3,21.4%,22.8%,-,8,16,#217,
,Slacked,DOM,SEA,LA,MIN,3/8,G,#00190,#00048,Hackney,L,SMG,18,19,0.95,8,-1,6,16.1%,18.8%,-,13,5,#218,
,Pandur,DOM,SEA,LA,MIN,3/8,G,#00190,#00048,Hackney,L,FLEX,22,21,1.05,8,1,8,19.6%,20.8%,-,8,14,#219,
,Apathy,DOM,SEA,LA,MIN,3/8,G,#00190,#00048,Hackney,L,SMG,26,20,1.30,3,6,7,23.2%,19.8%,-,9,17,#220,
,Slasher,DOM,OGLA,LA,DAL,3/8,B,#00193,#00049,Hackney,L,AR,21,20,1.05,9,1,4,18.6%,17.1%,-,8,13,#221,
,Dashy,DOM,OGLA,LA,DAL,3/8,B,#00193,#00049,Hackney,L,FLEX,22,25,0.88,9,-3,3,19.5%,21.4%,-,12,10,#222,
,JKap,DOM,OGLA,LA,DAL,3/8,B,#00193,#00049,Hackney,L,FLEX,17,21,0.81,9,-4,9,15.0%,17.9%,-,5,12,#223,
,Kenny,DOM,OGLA,LA,DAL,3/8,B,#00193,#00049,Hackney,L,SMG,24,26,0.92,8,-2,6,21.2%,22.2%,-,11,13,#224,
,TJHaly,DOM,OGLA,LA,DAL,3/8,B,#00193,#00049,Hackney,L,SMG,29,25,1.16,11,4,5,25.7%,21.4%,-,15,14,#225,
,Clayster,DOM,DAL,LA,OGLA,3/8,B,#00193,#00049,Hackney,W,AR,23,23,1.00,7,0,4,19.7%,20.4%,-,13,10,#226,
,Crimsix,DOM,DAL,LA,OGLA,3/8,B,#00193,#00049,Hackney,W,FLEX,19,24,0.79,7,-5,1,16.2%,21.2%,-,7,12,#227,
,iLLey,DOM,DAL,LA,OGLA,3/8,B,#00193,#00049,Hackney,W,FLEX,26,20,1.30,5,6,4,22.2%,17.7%,-,13,13,#228,
,Huke,DOM,DAL,LA,OGLA,3/8,B,#00193,#00049,Hackney,W,SMG,29,20,1.45,1,9,3,24.8%,17.7%,-,13,16,#229,
,Shotzzy,DOM,DAL,LA,OGLA,3/8,B,#00193,#00049,Hackney,W,SMG,20,26,0.77,14,-6,6,17.1%,23.0%,-,13,7,#230,
,Assault,DOM,MIN,LA,ATL,3/8,B,#00197,#00050,Hackney,L,AR,15,24,0.63,13,-9,3,14.7%,22.0%,-,4,11,#231,
,SiLLY,DOM,MIN,LA,ATL,3/8,B,#00197,#00050,Hackney,L,FLEX,23,26,0.88,6,-3,6,22.5%,23.9%,-,14,9,#232,
,GodRx,DOM,MIN,LA,ATL,3/8,B,#00197,#00050,Hackney,L,FLEX,27,15,1.80,5,12,3,26.5%,13.8%,-,12,15,#233,
,Alexx,DOM,MIN,LA,ATL,3/8,B,#00197,#00050,Hackney,L,SMG,21,21,1.00,6,0,3,20.6%,19.3%,-,16,5,#234,
,Asim,DOM,MIN,LA,ATL,3/8,B,#00197,#00050,Hackney,L,SMG,16,23,0.70,2,-7,4,15.7%,21.1%,-,8,8,#235,
,Cellium,DOM,ATL,LA,MIN,3/8,B,#00197,#00050,Hackney,W,FLEX,26,22,1.18,3,4,3,23.9%,21.6%,-,15,11,#236,
,MajorManiak,DOM,ATL,LA,MIN,3/8,B,#00197,#00050,Hackney,W,AR,17,18,0.94,7,-1,4,15.6%,17.6%,-,6,11,#237,
,Priestahh,DOM,ATL,LA,MIN,3/8,B,#00197,#00050,Hackney,W,FLEX,20,23,0.87,6,-3,5,18.3%,22.5%,-,11,9,#238,
,aBeZy,DOM,ATL,LA,MIN,3/8,B,#00197,#00050,Hackney,W,SMG,26,20,1.30,4,6,3,23.9%,19.6%,-,13,13,#239,
,Simp,DOM,ATL,LA,MIN,3/8,B,#00197,#00050,Hackney,W,SMG,20,19,1.05,6,1,5,18.3%,18.6%,-,12,8,#240,
,Clayster,DOM,DAL,LA,MIN,3/8,B,#00202,#00051,Gun Runner,L,AR,16,18,0.89,7,-2,11,15.2%,19.1%,-,10,6,#241,
,Crimsix,DOM,DAL,LA,MIN,3/8,B,#00202,#00051,Gun Runner,L,FLEX,22,21,1.05,7,1,5,21.0%,22.3%,-,7,15,#242,
,iLLey,DOM,DAL,LA,MIN,3/8,B,#00202,#00051,Gun Runner,L,FLEX,23,19,1.21,5,4,9,21.9%,20.2%,-,13,10,#243,
,Huke,DOM,DAL,LA,MIN,3/8,B,#00202,#00051,Gun Runner,L,SMG,20,18,1.11,9,2,6,19.0%,19.1%,-,9,11,#244,
,Shotzzy,DOM,DAL,LA,MIN,3/8,B,#00202,#00051,Gun Runner,L,SMG,24,18,1.33,8,6,7,22.9%,19.1%,-,9,15,#245,
,Assault,DOM,MIN,LA,DAL,3/8,B,#00202,#00051,Gun Runner,W,AR,14,20,0.70,10,-6,5,14.9%,19.0%,-,6,8,#246,
,SiLLY,DOM,MIN,LA,DAL,3/8,B,#00202,#00051,Gun Runner,W,FLEX,19,20,0.95,11,-1,5,20.2%,19.0%,-,5,14,#247,
,GodRx,DOM,MIN,LA,DAL,3/8,B,#00202,#00051,Gun Runner,W,FLEX,19,21,0.90,5,-2,2,20.2%,20.0%,-,12,7,#248,
,Alexx,DOM,MIN,LA,DAL,3/8,B,#00202,#00051,Gun Runner,W,SMG,27,18,1.50,5,9,8,28.7%,17.1%,-,13,14,#249,
,Asim,DOM,MIN,LA,DAL,3/8,B,#00202,#00051,Gun Runner,W,SMG,15,26,0.58,4,-11,8,16.0%,24.8%,-,7,8,#250,
,Denz,DOM,PAR,DAL,SEA,4/10,G,#00207,#00052,St Petro,L,AR,15,19,0.79,-,-4,2,16.0%,19.2%,-,8,7,#251,
,Louqa,DOM,PAR,DAL,SEA,4/10,G,#00207,#00052,St Petro,L,FLEX,28,15,1.87,-,13,5,29.8%,15.2%,-,16,12,#252,
,Shockz,DOM,PAR,DAL,SEA,4/10,G,#00207,#00052,St Petro,L,FLEX,11,22,0.50,-,-11,5,11.7%,22.2%,-,4,7,#253,
,KiSMET,DOM,PAR,DAL,SEA,4/10,G,#00207,#00052,St Petro,L,SMG,19,22,0.86,-,-3,6,20.2%,22.2%,-,7,12,#254,
,Zed,DOM,PAR,DAL,SEA,4/10,G,#00207,#00052,St Petro,L,SMG,21,21,1.00,-,0,6,22.3%,21.2%,-,8,13,#255,
,Denz,DOM,PAR,DAL,CHI,4/11,G,#00224,#00056,Hackney,L,AR,20,14,1.43,-,6,9,22.0%,14.4%,-,7,13,#256,
,Louqa,DOM,PAR,DAL,CHI,4/11,G,#00224,#00056,Hackney,L,FLEX,11,22,0.50,-,-11,5,12.1%,22.7%,-,7,4,#257,
,Shockz,DOM,PAR,DAL,CHI,4/11,G,#00224,#00056,Hackney,L,FLEX,21,18,1.17,-,3,8,23.1%,18.6%,-,14,7,#258,
,KiSMET,DOM,PAR,DAL,CHI,4/11,G,#00224,#00056,Hackney,L,SMG,23,23,1.00,-,0,3,25.3%,23.7%,-,10,13,#259,
,Zed,DOM,PAR,DAL,CHI,4/11,G,#00224,#00056,Hackney,L,SMG,16,20,0.80,-,-4,6,17.6%,20.6%,-,9,7,#260,
,Denz,DOM,PAR,DAL,MIN,4/11,G,#00243,#00060,Gun Runner,L,AR,17,15,1.13,4,2,6,22.1%,13.8%,-,11,6,#261,
,Louqa,DOM,PAR,DAL,MIN,4/11,G,#00243,#00060,Gun Runner,L,FLEX,13,26,0.50,10,-13,5,16.9%,23.9%,-,6,7,#262,
,Shockz,DOM,PAR,DAL,MIN,4/11,G,#00243,#00060,Gun Runner,L,FLEX,10,25,0.40,5,-15,8,13.0%,22.9%,-,2,8,#263,
,KiSMET,DOM,PAR,DAL,MIN,4/11,G,#00243,#00060,Gun Runner,L,SMG,19,24,0.79,2,-5,7,24.7%,22.0%,-,11,8,#264,
,Zed,DOM,PAR,DAL,MIN,4/11,G,#00243,#00060,Gun Runner,L,SMG,18,19,0.95,4,-1,6,23.4%,17.4%,-,12,6,#265,
,Octane,DOM,SEA,DAL,PAR,4/10,G,#00207,#00052,St Petro,W,AR,21,14,1.50,-,7,3,21.2%,14.9%,6,14,7,#266,
,Karma,DOM,SEA,DAL,PAR,4/10,G,#00207,#00052,St Petro,W,FLEX,18,22,0.82,-,-4,4,18.2%,23.4%,1,11,7,#267,
,Pandur,DOM,SEA,DAL,PAR,4/10,G,#00207,#00052,St Petro,W,FLEX,16,17,0.94,-,-1,3,16.2%,18.1%,3,5,11,#268,
,Slacked,DOM,SEA,DAL,PAR,4/10,G,#00207,#00052,St Petro,W,SMG,25,21,1.19,-,4,2,25.3%,22.3%,7,8,17,#269,
,Apathy,DOM,SEA,DAL,PAR,4/10,G,#00207,#00052,St Petro,W,SMG,19,20,0.95,-,-1,5,19.2%,21.3%,2,10,9,#270,
,Octane,DOM,SEA,DAL,MIN,4/11,G,#00233,#00058,Gun Runner,T,AR,15,17,0.88,-,-2,4,16.7%,16.3%,-,8,7,#271,
,Karma,DOM,SEA,DAL,MIN,4/11,G,#00233,#00058,Gun Runner,T,FLEX,19,21,0.90,-,-2,4,21.1%,20.2%,-,8,11,#272,
,Pandur,DOM,SEA,DAL,MIN,4/11,G,#00233,#00058,Gun Runner,T,FLEX,24,18,1.33,-,6,8,26.7%,17.3%,-,12,12,#273,
,Slacked,DOM,SEA,DAL,MIN,4/11,G,#00233,#00058,Gun Runner,T,SMG,15,21,0.71,-,-6,5,16.7%,20.2%,-,8,7,#274,
,Apathy,DOM,SEA,DAL,MIN,4/11,G,#00233,#00058,Gun Runner,T,SMG,17,27,0.63,-,-10,6,18.9%,26.0%,-,8,9,#275,
,Octane,DOM,SEA,DAL,MIN,4/11,G,#00234,#00058,Gun Runner,W,AR,23,15,1.53,7,8,4,25.0%,15.6%,-,13,10,#276,
,Karma,DOM,SEA,DAL,MIN,4/11,G,#00234,#00058,Gun Runner,W,FLEX,17,19,0.89,5,-2,6,18.5%,19.8%,-,9,8,#277,
,Pandur,DOM,SEA,DAL,MIN,4/11,G,#00234,#00058,Gun Runner,W,FLEX,21,21,1.00,3,0,3,22.8%,21.9%,-,9,12,#278,
,Slacked,DOM,SEA,DAL,MIN,4/11,G,#00234,#00058,Gun Runner,W,SMG,13,20,0.65,8,-7,3,14.1%,20.8%,-,7,6,#279,
,Apathy,DOM,SEA,DAL,MIN,4/11,G,#00234,#00058,Gun Runner,W,SMG,18,21,0.86,4,-3,5,19.6%,21.9%,-,8,10,#280,
,Skyz,DOM,FL,DAL,TOR,4/10,G,#00212,#00053,Gun Runner,W,AR,17,19,0.89,-,-2,7,15.2%,19.8%,4,10,7,#281,
,Maux,DOM,FL,DAL,TOR,4/10,G,#00212,#00053,Gun Runner,W,FLEX,26,18,1.44,-,8,5,23.2%,18.8%,7,12,14,#282,
,Fero,DOM,FL,DAL,TOR,4/10,G,#00212,#00053,Gun Runner,W,FLEX,23,19,1.21,-,4,3,20.5%,19.8%,5,17,6,#283,
,Frosty,DOM,FL,DAL,TOR,4/10,G,#00212,#00053,Gun Runner,W,SMG,26,19,1.37,-,7,5,23.2%,19.8%,2,12,14,#284,
,Havok,DOM,FL,DAL,TOR,4/10,G,#00212,#00053,Gun Runner,W,SMG,20,21,0.95,-,-1,8,17.9%,21.9%,3,11,9,#285,
,Skyz,DOM,FL,DAL,LAG,4/11,G,#00239,#00059,St Petro,WW,AR,25,18,1.39,6,7,7,21.4%,18.4%,-,10,15,#286,
,Maux,DOM,FL,DAL,LAG,4/11,G,#00239,#00059,St Petro,W,FLEX,28,14,2.00,3,14,6,23.9%,14.3%,-,15,13,#287,
,Fero,DOM,FL,DAL,LAG,4/11,G,#00239,#00059,St Petro,W,FLEX,28,18,1.56,3,10,9,23.9%,18.4%,-,18,10,#288,
,Frosty,DOM,FL,DAL,LAG,4/11,G,#00239,#00059,St Petro,W,SMG,15,23,0.65,7,-8,6,12.8%,23.5%,-,10,5,#289,
,Havok,DOM,FL,DAL,LAG,4/11,G,#00239,#00059,St Petro,W,SMG,21,25,0.84,8,-4,3,17.9%,25.5%,-,8,13,#290,
,Skyz,DOM,FL,DAL,TOR,4/11,G,#00247,#00061,Gun Runner,L,AR,29,20,1.45,7,9,7,31.9%,19.4%,-,18,11,#291,
,Maux,DOM,FL,DAL,TOR,4/11,G,#00247,#00061,Gun Runner,L,FLEX,11,19,0.58,4,-8,4,12.1%,18.4%,-,7,4,#292,
,Fero,DOM,FL,DAL,TOR,4/11,G,#00247,#00061,Gun Runner,L,FLEX,18,21,0.86,9,-3,6,19.8%,20.4%,-,9,9,#293,
,Frosty,DOM,FL,DAL,TOR,4/11,G,#00247,#00061,Gun Runner,L,SMG,21,20,1.05,5,1,8,23.1%,19.4%,-,15,6,#294,
,Havok,DOM,FL,DAL,TOR,4/11,G,#00247,#00061,Gun Runner,L,SMG,12,23,0.52,6,-11,6,13.2%,22.3%,-,6,6,#295,
,Skyz,DOM,FL,DAL,CHI,4/12,B,#00251,#00063,Hackney,W,AR,28,15,1.87,5,13,5,22.6%,16.3%,-,11,17,#296,
,Maux,DOM,FL,DAL,CHI,4/12,B,#00251,#00063,Hackney,W,FLEX,25,14,1.79,5,11,4,20.2%,15.2%,-,15,10,#297,
,Fero,DOM,FL,DAL,CHI,4/12,B,#00251,#00063,Hackney,W,FLEX,30,20,1.50,8,10,7,24.2%,21.7%,-,18,12,#298,
,Frosty,DOM,FL,DAL,CHI,4/12,B,#00251,#00063,Hackney,W,SMG,20,26,0.77,5,-6,2,16.1%,28.3%,-,10,10,#299,
,Havok,DOM,FL,DAL,CHI,4/12,B,#00251,#00063,Hackney,W,SMG,21,17,1.24,6,4,4,16.9%,18.5%,-,10,11,#300,
,Skyz,DOM,FL,DAL,MIN,4/12,B,#00259,#00064,St Petro,W,AR,25,20,1.25,8,5,5,20.8%,23.8%,-,13,12,#301,
,Maux,DOM,FL,DAL,MIN,4/12,B,#00259,#00064,St Petro,W,FLEX,15,7,2.14,5,8,4,12.5%,8.3%,-,6,9,#302,
,Fero,DOM,FL,DAL,MIN,4/12,B,#00259,#00064,St Petro,W,FLEX,36,16,2.25,5,20,6,30.0%,19.0%,-,17,19,#303,
,Frosty,DOM,FL,DAL,MIN,4/12,B,#00259,#00064,St Petro,W,SMG,17,20,0.85,4,-3,4,14.2%,23.8%,-,6,11,#304,
,Havok,DOM,FL,DAL,MIN,4/12,B,#00259,#00064,St Petro,W,SMG,27,21,1.29,5,6,3,22.5%,25.0%,-,14,13,#305,
,Methodz,DOM,TOR,DAL,FL,4/10,G,#00212,#00053,Gun Runner,L,AR,16,20,0.80,-,-4,4,16.7%,17.9%,4,7,9,#306,
,Cammy,DOM,TOR,DAL,FL,4/10,G,#00212,#00053,Gun Runner,L,FLEX,19,24,0.79,-,-5,5,19.8%,21.4%,4,13,6,#307,
,MeTTalZz,DOM,TOR,DAL,FL,4/10,G,#00212,#00053,Gun Runner,L,FLEX,25,24,1.04,-,1,7,26.0%,21.4%,5,10,15,#308,
,Bance,DOM,TOR,DAL,FL,4/10,G,#00212,#00053,Gun Runner,L,SMG,21,22,0.95,-,-1,4,21.9%,19.6%,1,13,8,#309,
,Classic,DOM,TOR,DAL,FL,4/10,G,#00212,#00053,Gun Runner,L,SMG,15,22,0.68,-,-7,5,15.6%,19.6%,3,5,10,#310,
,Methodz,DOM,TOR,DAL,DAL,4/11,G,#00228,#00057,Hackney,W,AR,28,18,1.56,6,10,10,23.5%,18.6%,-,11,17,#311,
,Cammy,DOM,TOR,DAL,DAL,4/11,G,#00228,#00057,Hackney,W,FLEX,24,18,1.33,6,6,4,20.2%,18.6%,-,13,11,#312,
,MeTTalZz,DOM,TOR,DAL,DAL,4/11,G,#00228,#00057,Hackney,W,FLEX,19,17,1.12,11,2,10,16.0%,17.5%,-,12,7,#313,
,Bance,DOM,TOR,DAL,DAL,4/11,G,#00228,#00057,Hackney,W,SMG,26,18,1.44,6,8,8,21.8%,18.6%,-,13,13,#314,
,Classic,DOM,TOR,DAL,DAL,4/11,G,#00228,#00057,Hackney,W,SMG,22,26,0.85,5,-4,4,18.5%,26.8%,-,10,12,#315,
,Methodz,DOM,TOR,DAL,FL,4/11,G,#00247,#00061,Gun Runner,W,AR,19,14,1.36,10,5,7,18.1%,15.7%,-,9,10,#316,
,Cammy,DOM,TOR,DAL,FL,4/11,G,#00247,#00061,Gun Runner,W,FLEX,24,21,1.14,5,3,3,22.9%,23.6%,-,10,14,#317,
,MeTTalZz,DOM,TOR,DAL,FL,4/11,G,#00247,#00061,Gun Runner,W,FLEX,21,18,1.17,9,3,8,20.0%,20.2%,-,12,9,#318,
,Bance,DOM,TOR,DAL,FL,4/11,G,#00247,#00061,Gun Runner,W,SMG,20,19,1.05,5,1,3,19.0%,21.3%,-,9,11,#319,
,Classic,DOM,TOR,DAL,FL,4/11,G,#00247,#00061,Gun Runner,W,SMG,21,17,1.24,3,4,8,20.0%,19.1%,-,11,10,#320,
,Arcitys,DOM,CHI,DAL,MIN,4/10,G,#00217,#00054,Gun Runner,W,AR,29,14,2.07,-,15,6,26.9%,16.5%,-,13,16,#321,
,FormaL,DOM,CHI,DAL,MIN,4/10,G,#00217,#00054,Gun Runner,W,FLEX,23,18,1.28,-,5,9,21.3%,21.2%,-,15,8,#322,
,Gunless,DOM,CHI,DAL,MIN,4/10,G,#00217,#00054,Gun Runner,W,FLEX,22,14,1.57,-,8,8,20.4%,16.5%,-,12,10,#323,
,Scump,DOM,CHI,DAL,MIN,4/10,G,#00217,#00054,Gun Runner,W,SMG,14,21,0.67,-,-7,12,13.0%,24.7%,-,8,6,#324,
,Envoy,DOM,CHI,DAL,MIN,4/10,G,#00217,#00054,Gun Runner,W,SMG,20,18,1.11,-,2,8,18.5%,21.2%,-,10,10,#325,
,Arcitys,DOM,CHI,DAL,PAR,4/11,G,#00224,#00056,Hackney,W,AR,21,15,1.40,-,6,4,21.6%,16.5%,-,10,11,#326,
,FormaL,DOM,CHI,DAL,PAR,4/11,G,#00224,#00056,Hackney,W,FLEX,23,21,1.10,-,2,6,23.7%,23.1%,-,9,14,#327,
,Gunless,DOM,CHI,DAL,PAR,4/11,G,#00224,#00056,Hackney,W,FLEX,18,15,1.20,-,3,5,18.6%,16.5%,-,11,7,#328,
,Scump,DOM,CHI,DAL,PAR,4/11,G,#00224,#00056,Hackney,W,SMG,21,19,1.11,-,2,3,21.6%,20.9%,-,14,7,#329,
,Envoy,DOM,CHI,DAL,PAR,4/11,G,#00224,#00056,Hackney,W,SMG,14,21,0.67,-,-7,10,14.4%,23.1%,-,9,5,#330,
,Arcitys,DOM,CHI,DAL,FL,4/12,B,#00251,#00063,Hackney,L,AR,23,24,0.96,5,-1,3,25.0%,19.5%,-,15,8,#331,
,FormaL,DOM,CHI,DAL,FL,4/12,B,#00251,#00063,Hackney,L,FLEX,12,25,0.48,7,-13,1,13.0%,20.3%,-,6,6,#332,
,Gunless,DOM,CHI,DAL,FL,4/12,B,#00251,#00063,Hackney,L,FLEX,16,29,0.55,8,-13,2,17.4%,23.6%,-,7,9,#333,
,Scump,DOM,CHI,DAL,FL,4/12,B,#00251,#00063,Hackney,L,SMG,17,24,0.71,3,-7,4,18.5%,19.5%,-,7,10,#334,
,Envoy,DOM,CHI,DAL,FL,4/12,B,#00251,#00063,Hackney,L,SMG,24,21,1.14,3,3,6,26.1%,17.1%,-,11,13,#335,
,Assault,DOM,MIN,DAL,CHI,4/10,G,#00217,#00054,Gun Runner,L,AR,19,19,1.00,-,0,6,22.4%,17.6%,-,7,12,#336,
,SiLLY,DOM,MIN,DAL,CHI,4/10,G,#00217,#00054,Gun Runner,L,FLEX,25,21,1.19,-,4,10,29.4%,19.4%,-,14,11,#337,
,GodRx,DOM,MIN,DAL,CHI,4/10,G,#00217,#00054,Gun Runner,L,FLEX,8,25,0.32,-,-17,7,9.4%,23.1%,-,4,4,#338,
,Alexx,DOM,MIN,DAL,CHI,4/10,G,#00217,#00054,Gun Runner,L,SMG,19,22,0.86,-,-3,10,22.4%,20.4%,-,10,9,#339,
,Asim,DOM,MIN,DAL,CHI,4/10,G,#00217,#00054,Gun Runner,L,SMG,14,21,0.67,-,-7,6,16.5%,19.4%,-,7,7,#340,
,Assault,DOM,MIN,DAL,SEA,4/11,G,#00233,#00058,Gun Runner,T,AR,21,15,1.40,-,6,7,20.2%,16.7%,-,13,8,#341,
,SiLLY,DOM,MIN,DAL,SEA,4/11,G,#00233,#00058,Gun Runner,T,FLEX,13,21,0.62,-,-8,6,12.5%,23.3%,-,5,8,#342,
,GodRx,DOM,MIN,DAL,SEA,4/11,G,#00233,#00058,Gun Runner,T,FLEX,24,18,1.33,-,6,9,23.1%,20.0%,-,11,13,#343,
,Alexx,DOM,MIN,DAL,SEA,4/11,G,#00233,#00058,Gun Runner,T,SMG,22,19,1.16,-,3,7,21.2%,21.1%,-,12,10,#344,
,Asim,DOM,MIN,DAL,SEA,4/11,G,#00233,#00058,Gun Runner,T,SMG,24,17,1.41,-,7,7,23.1%,18.9%,-,11,13,#345,
,Assault,DOM,MIN,DAL,SEA,4/11,G,#00234,#00058,Gun Runner,L,AR,16,14,1.14,3,2,5,16.7%,15.4%,-,10,6,#346,
,SiLLY,DOM,MIN,DAL,SEA,4/11,G,#00234,#00058,Gun Runner,L,FLEX,19,22,0.86,7,-3,3,19.8%,24.2%,-,8,11,#347,
,GodRx,DOM,MIN,DAL,SEA,4/11,G,#00234,#00058,Gun Runner,L,FLEX,21,19,1.11,6,2,4,21.9%,20.9%,-,10,11,#348,
,Alexx,DOM,MIN,DAL,SEA,4/11,G,#00234,#00058,Gun Runner,L,SMG,24,18,1.33,3,6,5,25.0%,19.8%,-,10,14,#349,
,Asim,DOM,MIN,DAL,SEA,4/11,G,#00234,#00058,Gun Runner,L,SMG,16,18,0.89,2,-2,7,16.7%,19.8%,-,6,10,#350,
,Assault,DOM,MIN,DAL,PAR,4/11,G,#00243,#00060,Gun Runner,W,AR,19,11,1.73,7,8,7,17.3%,14.7%,-,7,12,#351,
,SiLLY,DOM,MIN,DAL,PAR,4/11,G,#00243,#00060,Gun Runner,W,FLEX,30,18,1.67,5,12,6,27.3%,24.0%,-,17,13,#352,
,GodRx,DOM,MIN,DAL,PAR,4/11,G,#00243,#00060,Gun Runner,W,FLEX,29,15,1.93,3,14,4,26.4%,20.0%,-,20,9,#353,
,Alexx,DOM,MIN,DAL,PAR,4/11,G,#00243,#00060,Gun Runner,W,SMG,13,14,0.93,7,-1,4,11.8%,18.7%,-,5,8,#354,
,Asim,DOM,MIN,DAL,PAR,4/11,G,#00243,#00060,Gun Runner,W,SMG,19,17,1.12,2,2,7,17.3%,22.7%,-,10,9,#355,
,Assault,DOM,MIN,DAL,DAL,4/12,B,#00255,#00062,Gun Runner,W,AR,27,16,1.69,5,11,10,25.2%,17.6%,-,11,16,#356,
,SiLLY,DOM,MIN,DAL,DAL,4/12,B,#00255,#00062,Gun Runner,W,FLEX,23,24,0.96,9,-1,5,21.5%,26.4%,-,10,13,#357,
,GodRx,DOM,MIN,DAL,DAL,4/12,B,#00255,#00062,Gun Runner,W,FLEX,16,16,1.00,5,0,6,15.0%,17.6%,-,9,7,#358,
,Alexx,DOM,MIN,DAL,DAL,4/12,B,#00255,#00062,Gun Runner,W,SMG,21,18,1.17,6,3,8,19.6%,19.8%,-,9,12,#359,
,Asim,DOM,MIN,DAL,DAL,4/12,B,#00255,#00062,Gun Runner,W,SMG,20,17,1.18,5,3,7,18.7%,18.7%,-,11,9,#360,
,Assault,DOM,MIN,DAL,FL,4/12,B,#00259,#00064,St Petro,L,AR,18,23,0.78,2,-5,2,21.2%,19.5%,-,13,5,#361,
,SiLLY,DOM,MIN,DAL,FL,4/12,B,#00259,#00064,St Petro,L,FLEX,21,25,0.84,4,-4,3,24.7%,21.2%,-,10,11,#362,
,GodRx,DOM,MIN,DAL,FL,4/12,B,#00259,#00064,St Petro,L,FLEX,18,21,0.86,10,-3,3,21.2%,17.8%,-,7,11,#363,
,Alexx,DOM,MIN,DAL,FL,4/12,B,#00259,#00064,St Petro,L,SMG,16,23,0.70,6,-7,2,18.8%,19.5%,-,7,9,#364,
,Asim,DOM,MIN,DAL,FL,4/12,B,#00259,#00064,St Petro,L,SMG,12,26,0.46,5,-14,2,14.1%,22.0%,-,7,5,#365,
,AquA,DOM,LAG,DAL,FL,4/11,G,#00239,#00059,St Petro,L,FLEX,18,21,0.86,4,-3,9,18.4%,18.3%,-,7,11,#366,
,Blazt,DOM,LAG,DAL,FL,4/11,G,#00239,#00059,St Petro,L,AR,19,19,1.00,3,0,3,19.4%,16.5%,-,10,9,#367,
,Spart,DOM,LAG,DAL,FL,4/11,G,#00239,#00059,St Petro,L,FLEX,17,26,0.65,7,-9,7,17.3%,22.6%,-,9,8,#368,
,Decemate,DOM,LAG,DAL,FL,4/11,G,#00239,#00059,St Petro,L,SMG,21,25,0.84,4,-4,4,21.4%,21.7%,-,10,11,#369,
,Vivid,DOM,LAG,DAL,FL,4/11,G,#00239,#00059,St Petro,L,SMG,23,24,0.96,5,-1,8,23.5%,20.9%,-,10,13,#370,
,Clayster,DOM,DAL,DAL,TOR,4/11,G,#00228,#00057,Hackney,L,AR,17,25,0.68,7,-8,6,17.2%,21.2%,-,8,9,#371,
,Crimsix,DOM,DAL,DAL,TOR,4/11,G,#00228,#00057,Hackney,L,FLEX,17,24,0.71,10,-7,5,17.2%,20.3%,-,10,7,#372,
,iLLey,DOM,DAL,DAL,TOR,4/11,G,#00228,#00057,Hackney,L,FLEX,25,24,1.04,3,1,5,25.3%,20.3%,-,10,15,#373,
,Huke,DOM,DAL,DAL,TOR,4/11,G,#00228,#00057,Hackney,L,SMG,21,22,0.95,5,-1,7,21.2%,18.6%,-,10,11,#374,
,Shotzzy,DOM,DAL,DAL,TOR,4/11,G,#00228,#00057,Hackney,L,SMG,19,23,0.83,11,-4,6,19.2%,19.5%,-,10,9,#375,
,Clayster,DOM,DAL,DAL,MIN,4/12,B,#00255,#00062,Gun Runner,L,AR,12,20,0.60,9,-8,12,13.2%,18.9%,-,5,7,#376,
,Crimsix,DOM,DAL,DAL,MIN,4/12,B,#00255,#00062,Gun Runner,L,FLEX,19,21,0.90,1,-2,7,20.9%,19.8%,-,10,9,#377,
,iLLey,DOM,DAL,DAL,MIN,4/12,B,#00255,#00062,Gun Runner,L,FLEX,18,25,0.72,6,-7,6,19.8%,23.6%,-,10,8,#378,
,Huke,DOM,DAL,DAL,MIN,4/12,B,#00255,#00062,Gun Runner,L,SMG,24,18,1.33,3,6,6,26.4%,17.0%,-,10,14,#379,
,Shotzzy,DOM,DAL,DAL,MIN,4/12,B,#00255,#00062,Gun Runner,L,SMG,18,22,0.82,3,-4,9,19.8%,20.8%,-,9,9,#380,
,,,,,,,,,,,,,,,,,,,,,,,,#381,
,,,,,,,,,,,,,,,,,,,,,,,,#382,
,,,,,,,,,,,,,,,,,,,,,,,,#383,
,,,,,,,,,,,,,,,,,,,,,,,,#384,
,,,,,,,,,,,,,,,,,,,,,,,,#385,
,,,,,,,,,,,,,,,,,,,,,,,,#386,
,,,,,,,,,,,,,,,,,,,,,,,,#387,
,,,,,,,,,,,,,,,,,,,,,,,,#388,
,,,,,,,,,,,,,,,,,,,,,,,,#389,
,,,,,,,,,,,,,,,,,,,,,,,,#390,
,,,,,,,,,,,,,,,,,,,,,,,,#391,
,,,,,,,,,,,,,,,,,,,,,,,,#392,
,,,,,,,,,,,,,,,,,,,,,,,,#393,
,,,,,,,,,,,,,,,,,,,,,,,,#394,
,,,,,,,,,,,,,,,,,,,,,,,,#395,
,,,,,,,,,,,,,,,,,,,,,,,,#396,
,,,,,,,,,,,,,,,,,,,,,,,,#397,
,,,,,,,,,,,,,,,,,,,,,,,,#398,
,,,,,,,,,,,,,,,,,,,,,,,,#399,
,,,,,,,,,,,,,,,,,,,,,,,,#400,
,,,,,,,,,,,,,,,,,,,,,,,,#401,
,,,,,,,,,,,,,,,,,,,,,,,,#402,
,,,,,,,,,,,,,,,,,,,,,,,,#403,
,,,,,,,,,,,,,,,,,,,,,,,,#404,
,,,,,,,,,,,,,,,,,,,,,,,,#405,
