,Player,Team,Event,Vs Who,Date,Group / Bracket,Series ID,Result,Kills,Death,K/D,Plus / Minus,HP Kills,HP Death,HP K/D,HP Plus / Minus,Avg Hill Time,SnD Kills,SnD Death,SnD K/D,SnD Plus / Minus,OpDuel Won,OpDuel Lost,OpDuel W%,KpR,DpR,DOM Kills,DOM Death,DOM K/D,DOM Plus / Minus,,
,Arcitys,CHI,LW,DAL,1/24,G,#00001,W,106,72,1.47,34,72,42,1.71,30,-,2,6,0.33,-4,1,1,50.00%,0.29,0.86,32,24,1.33,8,#1,
,Formal,CHI,LW,DAL,1/24,G,#00001,W,101,75,1.35,26,61,49,1.24,12,-,4,7,0.57,-3,1,1,50.00%,0.57,1.00,36,19,1.89,17,#2,
OVERALL,Gunless,CHI,LW,DAL,1/24,G,#00001,W,95,82,1.16,13,56,57,0.98,-1,-,1,7,0.14,-6,0,1,0.00%,0.14,1.00,38,18,2.11,20,#3,
,Envoy,CHI,LW,DAL,1/24,G,#00001,W,78,91,0.86,-13,46,61,0.75,-15,-,4,5,0.80,-1,0,1,0.00%,0.57,0.71,28,25,1.12,3,#4,
,Scump,CHI,LW,DAL,1/24,G,#00001,W,96,92,1.04,4,65,63,1.03,2,-,7,5,1.40,2,0,1,0.00%,1.00,0.71,24,24,1.00,0,#5,
,Crimsix,DAL,LW,CHI,1/24,G,#00001,L,94,93,1.01,1,65,57,1.14,8,-,7,3,2.33,4,0,1,0.00%,1.00,0.43,22,33,0.67,-11,#6,
,Clayster,DAL,LW,CHI,1/24,G,#00001,L,82,99,0.83,-17,53,64,0.83,-11,-,5,3,1.67,2,2,1,66.66%,0.71,0.43,24,32,0.75,-8,#7,
,iLLey,DAL,LW,CHI,1/24,G,#00001,L,79,97,0.81,-18,50,61,0.82,-11,-,4,5,0.80,-1,1,0,100.00%,0.57,0.71,25,31,0.81,-6,#8,
,Huke,DAL,LW,CHI,1/24,G,#00001,L,92,94,0.98,-2,56,61,0.92,-5,-,9,5,1.80,4,1,0,100.00%,1.29,0.71,27,28,0.96,-1,#9,
,Shotzzy,DAL,LW,CHI,1/24,G,#00001,L,67,89,0.75,-22,50,53,0.94,-3,-,5,2,2.50,3,1,0,100.00%,0.71,0.29,12,34,0.35,-22,#10,
,Octane,SEA,LW,FL,1/24,G,#00002,L,86,79,1.09,7,47,44,1.07,3,110.0,5,14,0.36,-9,2,3,40.00%,0.33,0.93,34,21,1.62,13,#11,
,Karma,SEA,LW,FL,1/24,G,#00002,L,90,80,1.13,10,55,45,1.22,10,47.0,12,15,0.80,-3,4,0,100.00%,0.80,1.00,23,20,1.15,3,#12,
,Slacked,SEA,LW,FL,1/24,G,#00002,L,67,83,0.81,-16,41,50,0.82,-9,53.5,11,14,0.79,-3,2,0,100.00%,0.73,0.93,15,19,0.79,-4,#13,
,Apathy,SEA,LW,FL,1/24,G,#00002,L,90,82,1.10,8,54,48,1.13,6,36.5,9,12,0.75,-3,1,1,50.00%,0.60,0.80,27,22,1.23,5,#14,
,Enable,SEA,LW,FL,1/24,G,#00002,L,95,88,1.08,7,60,53,1.13,7,52.0,8,12,0.67,-4,2,0,100.00%,0.53,0.80,27,23,1.17,4,#15,
,Maux,FL,LW,SEA,1/24,G,#00002,W,76,69,1.10,7,43,40,1.08,3,78.0,10,7,1.43,3,2,1,66.67%,0.67,0.47,23,22,1.05,1,#16,
,Skyz,FL,LW,SEA,1/24,G,#00002,W,91,86,1.06,5,53,50,1.06,3,63.5,16,10,1.60,6,0,2,0.00%,1.07,0.67,22,26,0.85,-4,#17,
,Frosty,FL,LW,SEA,1/24,G,#00002,W,74,93,0.80,-19,46,57,0.81,-11,28.0,9,13,0.69,-4,0,4,0.00%,0.60,0.87,19,23,0.83,-4,#18,
,Havok,FL,LW,SEA,1/24,G,#00002,W,82,80,1.03,2,44,47,0.94,-3,54.0,17,7,2.43,10,2,1,66.67%,1.13,0.47,21,26,0.81,-5,#19,
,Prestinni,FL,LW,SEA,1/24,G,#00002,W,89,100,0.89,-11,54,63,0.86,-9,28.0,15,8,1.88,7,0,3,0.00%,1.00,0.53,20,29,0.69,-9,#20,
,AquA,LAG,LW,MIN,1/24,G,#00003,L,79,77,1.03,2,48,44,1.09,4,-,4,6,0.67,-2,0,2,0.00%,0.44,0.67,27,27,1.00,0,#21,
,ACHES,LAG,LW,MIN,1/24,G,#00003,L,65,100,0.65,-35,40,59,0.68,-19,-,5,6,0.83,-1,0,1,0.00%,0.56,0.67,20,35,0.57,-15,#22,
,Lacefield,LAG,LW,MIN,1/24,G,#00003,L,76,80,0.95,-4,41,49,0.84,-8,-,8,6,1.33,2,2,1,66.67%,0.89,0.67,27,25,1.08,2,#23,
,Decemate,LAG,LW,MIN,1/24,G,#00003,L,78,85,0.92,-7,37,56,0.66,-19,-,9,4,2.25,5,0,0,,1.00,0.44,32,25,1.28,7,#24,
,Saints,LAG,LW,MIN,1/24,G,#00003,L,80,87,0.92,-7,53,49,1.08,4,-,8,7,1.14,1,2,1,66.67%,0.89,0.78,19,31,0.61,-12,#25,
,Assault,MIN,LW,LAG,1/24,G,#00003,W,98,65,1.51,33,56,40,1.40,16,-,10,6,1.67,4,0,0,,1.11,0.67,32,19,1.68,13,#26,
,SiLLY,MIN,LW,LAG,1/24,G,#00003,W,79,84,0.94,-5,48,49,0.98,-1,-,4,8,0.50,-4,1,1,50.00%,0.44,0.89,27,27,1.00,0,#27,
,GodRx,MIN,LW,LAG,1/24,G,#00003,W,97,78,1.24,19,57,48,1.19,9,-,10,6,1.67,4,4,0,100.00%,1.11,0.67,30,24,1.25,6,#28,
,Alexx,MIN,LW,LAG,1/24,G,#00003,W,77,73,1.05,4,49,37,1.32,12,-,2,7,0.29,-5,0,1,0.00%,0.22,0.78,26,29,0.90,-3,#29,
,Asim,MIN,LW,LAG,1/24,G,#00003,W,77,78,0.99,-1,47,45,1.04,2,-,3,7,0.43,-4,0,2,0.00%,0.33,0.78,27,26,1.04,1,#30,
,wuskin,LON,LW,NY,1/25,G,#00004,W,69,33,2.09,36,26,16,1.63,10,70.0,11,3,3.67,8,3,0,100.00%,1.38,0.38,32,14,2.29,18,#31,
,Rated,LON,LW,NY,1/25,G,#00004,W,50,45,1.11,5,23,20,1.15,3,48.0,3,5,0.60,-2,0,1,0.00%,0.38,0.63,24,20,1.20,4,#32,
,Skrapz,LON,LW,NY,1/25,G,#00004,W,53,50,1.06,3,28,23,1.22,5,51.0,3,5,0.60,-2,0,1,0.00%,0.38,0.63,22,22,1.00,0,#33,
,Dylan,LON,LW,NY,1/25,G,#00004,W,63,55,1.15,8,24,21,1.14,3,53.0,8,6,1.33,2,1,2,33.33%,1.00,0.75,31,28,1.11,3,#34,
,Jurd,LON,LW,NY,1/25,G,#00004,W,55,50,1.10,5,21,25,0.84,-4,33.0,7,6,1.17,1,0,0,,0.88,0.75,27,19,1.42,8,#35,
,Accuracy,NY,LW,LON,1/25,G,#00004,L,32,55,0.58,-23,15,21,0.71,-6,53.0,1,7,0.14,-6,0,2,0.00%,0.13,0.88,16,27,0.59,-11,#36,
,Zer0,NY,LW,LON,1/25,G,#00004,L,44,55,0.80,-11,24,25,0.96,-1,21.0,2,6,0.33,-4,1,0,100.00%,0.25,0.75,18,24,0.75,-6,#37,
,Attach,NY,LW,LON,1/25,G,#00004,L,51,58,0.88,-7,26,21,1.24,5,28.0,4,6,0.67,-2,0,1,0.00%,0.50,0.75,21,31,0.68,-10,#38,
,Temp,NY,LW,LON,1/25,G,#00004,L,44,60,0.73,-16,15,28,0.54,-13,34.0,6,6,1.00,0,0,1,0.00%,0.75,0.75,23,26,0.88,-3,#39,
,ZooMaa,NY,LW,LON,1/25,G,#00004,L,62,62,1.00,0,25,27,0.93,-2,21.0,12,7,1.71,5,3,0,100.00%,1.50,0.88,25,28,0.89,-3,#40,
,Methodz,TOR,LW,SEA,1/25,G,#00005,W,101,78,1.29,23,59,47,1.26,12,59.0,17,12,1.42,5,1,0,100.00%,0.89,0.63,25,19,1.32,6,#41,
,Cammy,TOR,LW,SEA,1/25,G,#00005,W,90,99,0.91,-9,46,60,0.77,-14,21.0,13,13,1.00,0,1,4,20.00%,0.68,0.68,31,26,1.19,5,#42,
,MeTTalZz,TOR,LW,SEA,1/25,G,#00005,W,92,94,0.98,-2,55,56,0.98,-1,50.0,17,15,1.13,2,3,3,50.00%,0.89,0.79,20,23,0.87,-3,#43,
,Loony,TOR,LW,SEA,1/25,G,#00005,W,79,81,0.98,-2,51,43,1.19,8,68.0,11,14,0.79,-3,0,1,0.00%,0.58,0.74,17,24,0.71,-7,#44,
,Classic,TOR,LW,SEA,1/25,G,#00005,W,98,104,0.94,-6,54,63,0.86,-9,39.0,15,15,1.00,0,3,3,50.00%,0.79,0.79,29,26,1.12,3,#45,
,Octane,SEA,LW,TOR,1/25,G,#00005,L,104,87,1.20,17,54,47,1.15,7,101.5,22,15,1.47,7,2,0,100.00%,1.16,0.79,28,25,1.12,3,#46,
,Karma,SEA,LW,TOR,1/25,G,#00005,L,89,94,0.95,-5,51,56,0.91,-5,77.0,14,14,1.00,0,1,2,33.33%,0.74,0.74,24,24,1.00,0,#47,
,Slacked,SEA,LW,TOR,1/25,G,#00005,L,92,92,1.00,0,58,53,1.09,5,40.5,8,16,0.50,-8,4,0,100.00%,0.42,0.84,26,23,1.13,3,#48,
,Apathy,SEA,LW,TOR,1/25,G,#00005,L,93,86,1.08,7,53,51,1.04,2,32.0,18,12,1.50,6,4,3,57.14%,0.95,0.63,22,23,0.96,-1,#49,
,Enable,SEA,LW,TOR,1/25,G,#00005,L,74,101,0.73,-27,49,58,0.84,-9,19.0,7,16,0.44,-9,0,3,0.00%,0.37,0.84,18,27,0.67,-9,#50,
,AquA,LAG,LW,FL,1/25,G,#00006,W,91,81,1.12,10,47,51,0.92,-4,62.0,14,12,1.17,2,2,1,66.67%,0.70,0.60,30,18,1.67,12,#51,
,ACHES,LAG,LW,FL,1/25,G,#00006,W,85,121,0.70,-36,42,73,0.58,-31,43.0,7,17,0.41,-10,2,3,40.00%,0.35,0.85,36,31,1.16,5,#52,
,Lacefield,LAG,LW,FL,1/25,G,#00006,W,102,93,1.10,9,61,51,1.20,10,10.5,16,14,1.14,2,1,1,50.00%,0.80,0.70,25,28,0.89,-3,#53,
,Decemate,LAG,LW,FL,1/25,G,#00006,W,90,100,0.90,-10,49,61,0.80,-12,51.5,18,14,1.29,4,3,2,60.00%,0.90,0.70,23,25,0.92,-2,#54,
,Saints,LAG,LW,FL,1/25,G,#00006,W,99,108,0.92,-9,54,65,0.83,-11,22.0,21,16,1.31,5,4,2,66.67%,1.05,0.80,24,27,0.89,-3,#55,
,Maux,FL,LW,LAG,1/25,G,#00006,L,95,78,1.22,17,54,39,1.38,15,85.5,17,14,1.21,3,3,0,100.00%,0.85,0.70,24,25,0.96,-1,#56,
,Skyz,FL,LW,LAG,1/25,G,#00006,L,110,88,1.25,22,64,45,1.42,19,112.0,21,17,1.24,4,3,4,42.86%,1.05,0.85,25,26,0.96,-1,#57,
,Frosty,FL,LW,LAG,1/25,G,#00006,L,104,101,1.03,3,64,54,1.19,10,31.5,20,16,1.25,4,2,0,100.00%,1.00,0.80,20,31,0.65,-11,#58,
,Havok,FL,LW,LAG,1/25,G,#00006,L,90,100,0.90,-10,60,57,1.05,3,54.0,6,15,0.40,-9,1,3,25.00%,0.30,0.75,24,28,0.86,-4,#59,
,Prestinni,FL,LW,LAG,1/25,G,#00006,L,104,101,1.03,3,59,59,1.00,0,38.5,9,14,0.64,-5,0,5,0.00%,0.45,0.70,36,28,1.29,8,#60,
,Slasher,OGLA,LW,PAR,1/25,G,#00007,L,77,95,0.81,-18,47,54,0.87,-7,34.0,14,14,1.00,0,2,0,100.00%,0.88,0.88,16,27,0.59,-11,#61,
,Dashy,OGLA,LW,PAR,1/25,G,#00007,L,95,87,1.09,8,58,52,1.12,6,74.0,14,12,1.17,2,3,1,75.00%,0.88,0.75,23,23,1.00,0,#62,
,JKap,OGLA,LW,PAR,1/25,G,#00007,L,75,96,0.78,-21,41,57,0.72,-16,43.5,13,11,1.18,2,0,3,0.00%,0.81,0.69,21,28,0.75,-7,#63,
,Kenny,OGLA,LW,PAR,1/25,G,#00007,L,89,85,1.05,4,54,48,1.13,6,66.5,8,12,0.67,-4,2,2,50.00%,0.50,0.75,27,25,1.08,2,#64,
,TJHaly,OGLA,LW,PAR,1/25,G,#00007,L,87,103,0.84,-16,57,67,0.85,-10,49.5,8,12,0.67,-4,0,3,0.00%,0.50,0.75,22,24,0.92,-2,#65,
,Denz,PAR,LW,OGLA,1/25,G,#00007,W,94,76,1.24,18,60,44,1.36,16,66.0,10,12,0.83,-2,2,1,66.67%,0.63,0.75,24,20,1.20,4,#66,
,Shockz,PAR,LW,OGLA,1/25,G,#00007,W,99,82,1.21,17,64,49,1.31,15,40.5,9,11,0.82,-2,2,1,66.67%,0.56,0.69,26,22,1.18,4,#67,
,Louqa,PAR,LW,OGLA,1/25,G,#00007,W,75,81,0.93,-6,43,47,0.91,-4,49.5,10,12,0.83,-2,1,3,25.00%,0.63,0.75,22,22,1.00,0,#68,
,KiSMET,PAR,LW,OGLA,1/25,G,#00007,W,111,94,1.18,17,60,62,0.97,-2,68.0,18,10,1.80,8,3,1,75.00%,1.13,0.63,33,22,1.50,11,#69,
,Zed,PAR,LW,OGLA,1/25,G,#00007,W,91,95,0.96,-4,51,56,0.91,-5,70.5,14,14,1.00,0,1,1,50.00%,0.88,0.88,26,25,1.04,1,#70,
,Crimsix,DAL,LW,ATL,1/25,G,#00008,L,60,67,0.90,-7,37,34,1.09,3,36.0,4,6,0.67,-2,0,1,0.00%,0.67,1.00,19,27,0.70,-8,#71,
,Clayster,DAL,LW,ATL,1/25,G,#00008,L,56,68,0.82,-12,30,37,0.81,-7,83.0,1,6,0.17,-5,0,1,0.00%,0.17,1.00,25,25,1.00,0,#72,
,iLLey,DAL,LW,ATL,1/25,G,#00008,L,61,67,0.91,-6,25,35,0.71,-10,38.0,2,6,0.33,-4,0,2,0.00%,0.33,1.00,34,26,1.31,8,#73,
,Huke,DAL,LW,ATL,1/25,G,#00008,L,51,64,0.80,-13,37,32,1.16,5,54.0,2,6,0.33,-4,0,2,0.00%,0.33,1.00,12,26,0.46,-14,#74,
,Shotzzy,DAL,LW,ATL,1/25,G,#00008,L,45,72,0.63,-27,20,36,0.56,-16,45.0,3,6,0.50,-3,0,0,,0.50,1.00,22,30,0.73,-8,#75,
,Cellium,ATL,LW,DAL,43855,G,#00008,W,65,56,1.16,9,33,29,1.14,4,73.0,6,2,3.00,4,1,0,100.00%,1.00,0.33,26,25,1.04,1,#76,
,MajorManiak,ATL,LW,DAL,43855,G,#00008,W,49,44,1.11,5,30,28,1.07,2,34.0,6,1,6.00,5,1,0,100.00%,1.00,0.17,13,15,0.87,-2,#77,
,Priestahh,ATL,LW,DAL,43855,G,#00008,W,71,58,1.22,13,38,28,1.36,10,34.0,6,4,1.50,2,2,0,100.00%,1.00,0.67,27,26,1.04,1,#78,
,aBeZy,ATL,LW,DAL,43855,G,#00008,W,67,64,1.05,3,33,36,0.92,-3,29.0,5,4,1.25,1,1,0,100.00%,0.83,0.67,29,24,1.21,5,#79,
,Simp,ATL,LW,DAL,43855,G,#00008,W,86,51,1.69,35,40,28,1.43,12,19.0,7,1,7.00,6,1,0,100.00%,1.17,0.17,39,22,1.77,17,#80,
,Denz,PAR,LW,LON,1/26,G,#00009,W,49,45,1.09,4,26,18,1.44,8,134.0,7,6,1.17,1,2,0,100.00%,0.70,0.60,16,21,0.76,-5,#81,
,Shockz,PAR,LW,LON,1/26,G,#00009,W,54,52,1.04,2,22,23,0.96,-1,21.0,7,7,1.00,0,2,1,66.67%,0.70,0.70,25,22,1.14,3,#82,
,Louqa,PAR,LW,LON,1/26,G,#00009,W,56,52,1.08,4,23,20,1.15,3,89.0,10,8,1.25,2,1,0,100.00%,1.00,0.80,23,24,0.96,-1,#83,
,KiSMET,PAR,LW,LON,1/26,G,#00009,W,65,61,1.07,4,32,26,1.23,6,26.0,8,10,0.80,-2,3,0,100.00%,0.80,1.00,25,25,1.00,0,#84,
,Zed,PAR,LW,LON,1/26,G,#00009,W,57,46,1.24,11,18,18,1.00,0,43.0,11,6,1.83,5,0,1,0.00%,1.10,0.60,28,22,1.27,6,#85,
,wuskin,LON,LW,PAR,1/26,G,#00009,L,56,45,1.24,11,21,19,1.11,2,67.0,7,8,0.88,-1,0,0,,0.70,0.80,28,18,1.56,10,#86,
,Rated,LON,LW,PAR,1/26,G,#00009,L,41,51,0.80,-10,17,18,0.94,-1,84.0,5,10,0.50,-5,0,1,0.00%,0.50,1.00,19,23,0.83,-4,#87,
,Skrapz,LON,LW,PAR,1/26,G,#00009,L,53,58,0.91,-5,18,26,0.69,-8,36.0,14,7,2.00,7,0,0,,1.40,0.70,21,25,0.84,-4,#88,
,Dylan,LON,LW,PAR,1/26,G,#00009,L,65,65,1.00,0,32,29,1.10,3,32.0,9,9,1.00,0,2,2,50.00%,0.90,0.90,24,27,0.89,-3,#89,
,Jurd,LON,LW,PAR,1/26,G,#00009,L,41,63,0.65,-22,17,29,0.59,-12,45.0,2,9,0.22,-7,0,5,0.00%,0.20,0.90,22,25,0.88,-3,#90,
,Arcitys,CHI,LW,OGLA,1/26,G,#00010,W,51,59,0.86,-8,26,25,1.04,1,45.0,3,5,0.60,-2,0,1,0.00%,0.38,0.63,22,29,0.76,-7,#91,
,Formal,CHI,LW,OGLA,1/26,G,#00010,W,64,51,1.25,13,23,24,0.96,-1,32.0,9,4,2.25,5,1,1,50.00%,1.13,0.50,32,23,1.39,9,#92,
,Gunless,CHI,LW,OGLA,1/26,G,#00010,W,71,71,1.00,0,35,35,1.00,0,112.0,8,5,1.60,3,0,0,,1.00,0.63,28,31,0.90,-3,#93,
,Envoy,CHI,LW,OGLA,1/26,G,#00010,W,69,60,1.15,9,37,27,1.37,10,59.0,4,5,0.80,-1,2,2,50.00%,0.50,0.63,28,28,1.00,0,#94,
,Scump,CHI,LW,OGLA,1/26,G,#00010,W,74,61,1.21,13,30,32,0.94,-2,42.0,11,3,3.67,8,1,0,100.00%,1.38,0.38,33,26,1.27,7,#95,
,Slasher,OGLA,LW,CHI,1/26,G,#00010,L,63,63,1.00,0,30,31,0.97,-1,36.0,3,8,0.38,-5,0,2,0.00%,0.38,1.00,30,24,1.25,6,#96,
,Dashy,OGLA,LW,CHI,1/26,G,#00010,L,68,63,1.08,5,37,29,1.28,8,50.0,5,6,0.83,-1,2,0,100.00%,0.63,0.75,26,28,0.93,-2,#97,
,JKap,OGLA,LW,CHI,1/26,G,#00010,L,54,67,0.81,-13,24,33,0.73,-9,59.0,4,7,0.57,-3,0,0,,0.50,0.88,26,27,0.96,-1,#98,
,Kenny,OGLA,LW,CHI,1/26,G,#00010,L,66,61,1.08,5,30,25,1.20,5,5.0,5,6,0.83,-1,0,1,0.00%,0.63,0.75,31,30,1.03,1,#99,
,TJHaly,OGLA,LW,CHI,1/26,G,#00010,L,50,76,0.66,-26,22,34,0.65,-12,46.0,4,8,0.50,-4,2,1,66.67%,0.50,1.00,24,34,0.71,-10,#100,
,Accuracy,NY,LW,ATL,43856,G,#00011,L,70,91,0.77,-21,41,59,0.69,-18,50.0,2,6,0.33,-4,0,0,,0.33,1.00,27,26,1.04,1,#101,
,Zer0,NY,LW,ATL,43856,G,#00011,L,68,89,0.76,-21,43,57,0.75,-14,54.0,3,6,0.50,-3,1,0,100.00%,0.50,1.00,22,26,0.85,-4,#102,
,Attach,NY,LW,ATL,43856,G,#00011,L,75,89,0.84,-14,47,59,0.80,-12,58.0,0,6,0.00,-6,0,1,0.00%,0.00,1.00,28,24,1.17,4,#103,
,Temp,NY,LW,ATL,43856,G,#00011,L,73,82,0.89,-9,48,55,0.87,-7,28.0,1,6,0.17,-5,0,2,0.00%,0.17,1.00,24,21,1.14,3,#104,
,ZooMaa,NY,LW,ATL,43856,G,#00011,L,83,98,0.85,-15,52,65,0.80,-13,10.0,0,6,0.00,-6,0,2,0.00%,0.00,1.00,31,27,1.15,4,#105,
,Cellium,ATL,LW,NY,1/26,G,#00011,W,106,72,1.47,34,74,46,1.61,28,35.5,4,0,,4,0,0,,0.67,0.00,28,26,1.08,2,#106,
,MajorManiak,ATL,LW,NY,1/26,G,#00011,W,74,62,1.19,12,45,38,1.18,7,75.0,8,0,,8,1,0,100.00%,1.33,0.00,21,24,0.88,-3,#107,
,Priestahh,ATL,LW,NY,1/26,G,#00011,W,84,81,1.04,3,50,50,1.00,0,67.0,9,2,4.50,7,3,0,100.00%,1.50,0.33,25,29,0.86,-4,#108,
,aBeZy,ATL,LW,NY,1/26,G,#00011,W,81,86,0.94,-5,46,56,0.82,-10,61.5,2,3,0.67,-1,1,1,50.00%,0.33,0.50,33,27,1.22,6,#109,
,Simp,ATL,LW,NY,1/26,G,#00011,W,105,70,1.50,35,80,41,1.95,39,56.5,6,1,6.00,5,0,0,,1.00,0.17,19,28,0.68,-9,#110,
,Assault,MIN,LW,TOR,1/26,G,#00012,W,85,78,1.09,7,53,48,1.10,5,57.0,9,8,1.13,1,0,0,,1.00,0.89,23,22,1.05,1,#111,
,SiLLY,MIN,LW,TOR,1/26,G,#00012,W,88,86,1.02,2,57,49,1.16,8,56.5,4,7,0.57,-3,0,0,,0.44,0.78,27,30,0.90,-3,#112,
,GodRx,MIN,LW,TOR,1/26,G,#00012,W,89,72,1.24,17,63,43,1.47,20,54.0,3,7,0.43,-4,2,1,66.67%,0.33,0.78,23,22,1.05,1,#113,
,Alexx,MIN,LW,TOR,1/26,G,#00012,W,93,86,1.08,7,59,56,1.05,3,22.5,7,6,1.17,1,1,2,33.33%,0.78,0.67,27,24,1.13,3,#114,
,Asim,MIN,LW,TOR,1/26,G,#00012,W,76,88,0.86,-12,45,54,0.83,-9,69.5,3,9,0.33,-6,1,2,33.33%,0.33,1.00,28,25,1.12,3,#115,
,Methodz,TOR,LW,MIN,1/26,G,#00012,L,86,75,1.15,11,48,49,0.98,-1,18.0,6,5,1.20,1,0,0,,0.67,0.56,32,21,1.52,11,#116,
,Cammy,TOR,LW,MIN,1/26,G,#00012,L,82,84,0.98,-2,54,51,1.06,3,46.5,5,6,0.83,-1,2,1,66.67%,0.56,0.67,23,27,0.85,-4,#117,
,MeTTalZz,TOR,LW,MIN,1/26,G,#00012,L,92,79,1.16,13,54,52,1.04,2,32.5,6,6,1.00,0,1,2,33.33%,0.67,0.67,32,21,1.52,11,#118,
,Loony,TOR,LW,MIN,1/26,G,#00012,L,63,90,0.70,-27,40,58,0.69,-18,41.0,4,5,0.80,-1,0,0,,0.44,0.56,19,27,0.70,-8,#119,
,Classic,TOR,LW,MIN,1/26,G,#00012,L,93,100,0.93,-7,53,66,0.80,-13,58.5,16,5,3.20,11,2,1,66.67%,1.78,0.56,24,29,0.83,-5,#120,
,Skyz,FL,LA,ATL,3/7,G,#00039,L,54,44,1.23,10,30,20,1.50,10,90.0,3,6,0.50,-3,0,0,-%,0.43,0.86,21,18,1.17,3,#121,
,Maux,FL,LA,ATL,3/7,G,#00039,L,32,49,0.65,-17,20,19,1.05,1,79.0,3,6,0.50,-3,0,0,-%,0.43,0.86,9,24,0.38,-15,#122,
,Fero,FL,LA,ATL,3/7,G,#00039,L,41,63,0.65,-22,22,34,0.65,-12,22.0,2,6,0.33,-4,1,1,50.00%,0.29,0.86,17,23,0.74,-6,#123,
,Frosty,FL,LA,ATL,3/7,G,#00039,L,44,51,0.86,-7,23,21,1.10,2,92.0,3,6,0.50,-3,1,2,33.33%,0.43,0.86,18,24,0.75,-6,#124,
,Havok,FL,LA,ATL,3/7,G,#00039,L,41,59,0.69,-18,26,27,0.96,-1,27.0,3,6,0.50,-3,0,2,0.00%,0.43,0.86,12,26,0.46,-14,#125,
,Cellium,ATL,LA,FL,3/7,G,#00039,W,59,43,1.37,16,20,26,0.77,-6,24.0,5,4,1.25,1,0,1,0.00%,0.71,0.57,34,13,2.62,21,#126,
,MajorManiak,ATL,LA,FL,3/7,G,#00039,W,50,38,1.32,12,29,22,1.32,7,82.0,4,3,1.33,1,1,0,100.00%,0.57,0.43,17,13,1.31,4,#127,
,Priestahh,ATL,LA,FL,3/7,G,#00039,W,58,49,1.18,9,23,28,0.82,-5,68.0,13,4,3.25,9,3,1,75.00%,1.86,0.57,22,17,1.29,5,#128,
,aBeZy,ATL,LA,FL,3/7,G,#00039,W,51,44,1.16,7,28,25,1.12,3,68.0,6,1,6.00,5,1,0,100.00%,0.86,0.14,17,18,0.94,-1,#129,
,Simp,ATL,LA,FL,3/7,G,#00039,W,49,38,1.29,11,21,20,1.05,1,93.0,2,2,1.00,0,0,0,-%,0.29,0.29,26,16,1.63,10,#130,
,Assault,MIN,LA,SEA,3/7,G,#00040,W,74,72,1.03,2,52,47,1.11,5,62.0,5,8,0.63,-3,0,1,0.00%,0.45,0.73,17,17,1.00,0,#131,
,SiLLY,MIN,LA,SEA,3/7,G,#00040,W,74,75,0.99,-1,49,45,1.09,4,62.0,3,10,0.30,-7,0,1,0.00%,0.27,0.91,22,20,1.10,2,#132,
,GodRx,MIN,LA,SEA,3/7,G,#00040,W,89,63,1.41,26,59,40,1.48,19,74.0,14,7,2.00,7,1,1,50.00%,1.27,0.64,16,16,1.00,0,#133,
,Alexx,MIN,LA,SEA,3/7,G,#00040,W,104,73,1.42,31,65,46,1.41,19,103.0,9,9,1.00,0,1,3,25.00%,0.82,0.82,30,18,1.67,12,#134,
,Asim,MIN,LA,SEA,3/7,G,#00040,W,67,75,0.89,-8,38,51,0.75,-13,43.5,4,8,0.50,-4,0,3,0.00%,0.36,0.73,25,16,1.56,9,#135,
,Octane,SEA,LA,MIN,3/7,G,#00040,L,69,75,0.92,-6,48,45,1.07,3,61.0,4,7,0.57,-3,0,0,-%,0.36,0.64,17,23,0.74,-6,#136,
,Karma,SEA,LA,MIN,3/7,G,#00040,L,71,90,0.79,-19,50,59,0.85,-9,18.5,8,8,1.00,0,3,1,75.00%,0.73,0.73,13,23,0.57,-10,#137,
,Slacked,SEA,LA,MIN,3/7,G,#00040,L,67,75,0.89,-8,41,49,0.84,-8,43.5,8,6,1.33,2,2,0,100.00%,0.73,0.55,18,20,0.90,-2,#138,
,Pandur,SEA,LA,MIN,3/7,G,#00040,L,74,81,0.91,-7,44,54,0.81,-10,68.5,8,6,1.33,2,1,0,100.00%,0.73,0.55,22,21,1.05,1,#139,
,Apathy,SEA,LA,MIN,3/7,G,#00040,L,76,88,0.86,-12,45,56,0.80,-11,65.0,14,9,1.56,5,3,1,75.00%,1.27,0.82,17,23,0.74,-6,#140,
,Clayster,DAL,LA,NY,3/7,G,#00041,W,77,76,1.01,1,40,53,0.75,-13,37.5,11,4,2.75,7,0,0,-%,1.10,0.40,26,19,1.37,7,#141,
,Crimsix,DAL,LA,NY,3/7,G,#00041,W,87,84,1.04,3,64,60,1.07,4,59.0,7,8,0.88,-1,4,2,66.67%,0.70,0.80,16,16,1.00,0,#142,
,iLLey,DAL,LA,NY,3/7,G,#00041,W,86,80,1.08,6,57,56,1.02,1,95.0,7,7,1.00,0,0,1,0.00%,0.70,0.70,22,17,1.29,5,#143,
,Huke,DAL,LA,NY,3/7,G,#00041,W,83,89,0.93,-6,56,55,1.02,1,49.5,5,9,0.56,-4,1,1,50.00%,0.50,0.90,22,25,0.88,-3,#144,
,Shotzzy,DAL,LA,NY,3/7,G,#00041,W,92,85,1.08,7,60,59,1.02,1,8.5,8,6,1.33,2,1,0,100.00%,0.80,0.60,24,20,1.20,4,#145,
,Accuracy,NY,LA,DAL,3/7,G,#00041,L,85,76,1.12,9,55,44,1.25,11,82.0,7,8,0.88,-1,0,1,0.00%,0.70,0.80,23,24,0.96,-1,#146,
,Happy,NY,LA,DAL,3/7,G,#00041,L,66,94,0.70,-28,45,63,0.71,-18,53.5,6,7,0.86,-1,4,1,80.00%,0.60,0.70,15,24,0.63,-9,#147,
,Attach,NY,LA,DAL,3/7,G,#00041,L,90,76,1.18,14,61,50,1.22,11,73.0,12,7,1.71,5,0,0,-%,1.20,0.70,17,19,0.89,-2,#148,
,Temp,NY,LA,DAL,3/7,G,#00041,L,79,86,0.92,-7,57,56,1.02,1,40.0,4,8,0.50,-4,0,2,0.00%,0.40,0.80,18,22,0.82,-4,#149,
,ZooMaa,NY,LA,DAL,3/7,G,#00041,L,94,93,1.01,1,65,64,1.02,1,34.5,5,8,0.63,-3,0,2,0.00%,0.50,0.80,24,21,1.14,3,#150,
,AquA,LAG,LA,OGLA,3/7,G,#00042,L,105,98,1.07,7,66,54,1.22,12,15.0,11,14,0.79,-3,2,1,66.67%,0.55,0.70,28,30,0.93,-2,#151,
,Blazt,LAG,LA,OGLA,3/7,G,#00042,L,80,96,0.83,-16,49,54,0.91,-5,99.0,9,15,0.60,-6,3,1,75.00%,0.45,0.75,22,27,0.81,-5,#152,
,Spart,LAG,LA,OGLA,3/7,G,#00042,L,79,95,0.83,-16,53,57,0.93,-4,56.5,12,15,0.80,-3,2,1,66.67%,0.60,0.75,14,23,0.61,-9,#153,
,Decemate,LAG,LA,OGLA,3/7,G,#00042,L,101,98,1.03,3,72,52,1.38,20,35.5,11,17,0.65,-6,1,0,100.00%,0.55,0.85,18,29,0.62,-11,#154,
,Vivid,LAG,LA,OGLA,3/7,G,#00042,L,94,117,0.80,-23,47,70,0.67,-23,40.0,27,14,1.93,13,5,4,55.56%,1.35,0.70,20,33,0.61,-13,#155,
,Slasher,OGLA,LA,LAG,3/7,G,#00042,W,103,77,1.34,26,56,49,1.14,7,89.5,17,11,1.55,6,1,1,50.00%,0.85,0.55,30,17,1.76,13,#156,
,Dashy,OGLA,LA,LAG,3/7,G,#00042,W,107,88,1.22,19,61,56,1.09,5,79.0,17,13,1.31,4,2,2,50.00%,0.85,0.65,29,19,1.53,10,#157,
,JKap,OGLA,LA,LAG,3/7,G,#00042,W,76,98,0.78,-22,43,59,0.73,-16,48.0,8,17,0.47,-9,1,2,33.33%,0.40,0.85,25,22,1.14,3,#158,
,Kenny,OGLA,LA,LAG,3/7,G,#00042,W,106,98,1.08,8,60,61,0.98,-1,39.0,21,15,1.40,6,2,3,40.00%,1.05,0.75,25,22,1.14,3,#159,
,TJHaly,OGLA,LA,LAG,3/7,G,#00042,W,112,98,1.14,14,67,62,1.08,5,25.5,12,14,0.86,-2,1,5,16.67%,0.60,0.70,33,22,1.50,11,#160,
,Clayster,DAL,LA,ATL,3/7,G,#00043,L,54,54,1.00,0,30,23,1.30,7,71.0,1,8,0.13,-7,0,2,0.00%,0.11,0.89,23,23,1.00,0,#161,
,Crimsix,DAL,LA,ATL,3/7,G,#00043,L,50,56,0.89,-6,25,27,0.93,-2,38.0,4,7,0.57,-3,1,0,100.00%,0.44,0.78,21,22,0.95,-1,#162,
,iLLey,DAL,LA,ATL,3/7,G,#00043,L,41,61,0.67,-20,21,28,0.75,-7,116.0,7,8,0.88,-1,0,2,0.00%,0.78,0.89,13,25,0.52,-12,#163,
,Huke,DAL,LA,ATL,3/7,G,#00043,L,61,52,1.17,9,28,24,1.17,4,91.0,9,6,1.50,3,1,1,50.00%,1.00,0.67,24,22,1.09,2,#164,
,Shotzzy,DAL,LA,ATL,3/7,G,#00043,L,48,55,0.87,-7,25,25,1.00,0,58.0,5,7,0.71,-2,1,1,50.00%,0.56,0.78,18,23,0.78,-5,#165,
,Cellium,ATL,LA,DAL,3/7,G,#00043,W,58,57,1.02,1,23,28,0.82,-5,52.0,6,6,1.00,0,1,0,100.00%,0.67,0.67,29,23,1.26,6,#166,
,MajorManiak,ATL,LA,DAL,3/7,G,#00043,W,47,43,1.09,4,23,21,1.10,2,84.0,9,4,2.25,5,0,0,-%,1.00,0.44,15,18,0.83,-3,#167,
,Priestahh,ATL,LA,DAL,3/7,G,#00043,W,55,52,1.06,3,29,31,0.94,-2,39.0,6,4,1.50,2,0,0,-%,0.67,0.44,20,17,1.18,3,#168,
,aBeZy,ATL,LA,DAL,3/7,G,#00043,W,55,58,0.95,-3,25,28,0.89,-3,61.0,4,7,0.57,-3,3,2,60.00%,0.44,0.78,26,23,1.13,3,#169,
,Simp,ATL,LA,DAL,3/7,G,#00043,W,63,44,1.43,19,27,21,1.29,6,98.0,11,5,2.20,6,2,1,66.67%,1.22,0.56,25,18,1.39,7,#170,
,Skyz,FL,LA,NY,3/7,G,#00044,W,82,64,1.28,18,50,40,1.25,10,59.5,11,7,1.57,4,1,2,33.33%,1.00,0.64,21,17,1.24,4,#171,
,Maux,FL,LA,NY,3/7,G,#00044,W,66,68,0.97,-2,37,47,0.79,-10,60.0,6,8,0.75,-2,0,0,-%,0.55,0.73,23,13,1.77,10,#172,
,Fero,FL,LA,NY,3/7,G,#00044,W,86,73,1.18,13,49,48,1.02,1,57.5,5,9,0.56,-4,1,2,33.33%,0.45,0.82,32,16,2.00,16,#173,
,Frosty,FL,LA,NY,3/7,G,#00044,W,80,70,1.14,10,53,42,1.26,11,53.5,3,10,0.30,-7,0,2,0.00%,0.27,0.91,24,18,1.33,6,#174,
,Havok,FL,LA,NY,3/7,G,#00044,W,73,79,0.92,-6,48,52,0.92,-4,45.5,5,10,0.50,-5,0,3,0.00%,0.45,0.91,20,17,1.18,3,#175,
,Accuracy,NY,LA,FL,3/7,G,#00044,L,73,66,1.11,7,47,39,1.21,8,69.0,8,6,1.33,2,1,0,100.00%,0.73,0.55,18,21,0.86,-3,#176,
,Happy,NY,LA,FL,3/7,G,#00044,L,57,88,0.65,-31,38,52,0.73,-14,52.5,8,7,1.14,1,1,2,33.33%,0.73,0.64,11,29,0.38,-18,#177,
,Attach,NY,LA,FL,3/7,G,#00044,L,67,71,0.94,-4,45,44,1.02,1,38.0,3,5,0.60,-2,1,0,100.00%,0.27,0.45,19,22,0.86,-3,#178,
,Temp,NY,LA,FL,3/7,G,#00044,L,81,81,1.00,0,48,53,0.91,-5,43.5,16,5,3.20,11,3,0,100.00%,1.45,0.45,17,23,0.74,-6,#179,
,ZooMaa,NY,LA,FL,3/7,G,#00044,L,75,81,0.93,-6,50,49,1.02,1,53.5,9,7,1.29,2,3,0,100.00%,0.82,0.64,16,25,0.64,-9,#180,
,Assault,MIN,LA,OGLA,3/7,G,#00045,L,52,50,1.04,2,30,23,1.30,7,73.0,3,8,0.38,-5,0,0,-%,0.33,0.89,19,19,1.00,0,#181,
,SiLLY,MIN,LA,OGLA,3/7,G,#00045,L,45,59,0.76,-14,22,27,0.81,-5,47.0,8,6,1.33,2,0,1,0.00%,0.89,0.67,15,26,0.58,-11,#182,
,GodRx,MIN,LA,OGLA,3/7,G,#00045,L,47,50,0.94,-3,25,24,1.04,1,58.0,6,7,0.86,-1,1,1,50.00%,0.67,0.78,16,19,0.84,-3,#183,
,Alexx,MIN,LA,OGLA,3/7,G,#00045,L,49,60,0.82,-11,21,28,0.75,-7,32.0,7,7,1.00,0,3,1,75.00%,0.78,0.78,21,25,0.84,-4,#184,
,Asim,MIN,LA,OGLA,3/7,G,#00045,L,49,59,0.83,-10,23,30,0.77,-7,21.0,3,8,0.38,-5,0,2,0.00%,0.33,0.89,23,21,1.10,2,#185,
,Slasher,OGLA,LA,MIN,3/7,G,#00045,W,58,36,1.61,22,26,20,1.30,6,40.0,8,6,1.33,2,0,1,0.00%,0.89,0.67,24,10,2.40,14,#186,
,Dashy,OGLA,LA,MIN,3/7,G,#00045,W,64,52,1.23,12,33,25,1.32,8,50.0,5,5,1.00,0,0,0,-%,0.56,0.56,26,22,1.18,4,#187,
,JKap,OGLA,LA,MIN,3/7,G,#00045,W,40,49,0.82,-9,20,25,0.80,-5,61.0,7,5,1.40,2,2,1,66.67%,0.78,0.56,13,19,0.68,-6,#188,
,Kenny,OGLA,LA,MIN,3/7,G,#00045,W,54,54,1.00,0,24,25,0.96,-1,87.0,7,6,1.17,1,0,1,0.00%,0.78,0.67,23,23,1.00,0,#189,
,TJHaly,OGLA,LA,MIN,3/7,G,#00045,W,62,51,1.22,11,29,26,1.12,3,27.0,9,5,1.80,4,3,1,75.00%,1.00,0.56,24,20,1.20,4,#190,
,AquA,LAG,LA,SEA,3/7,G,#00046,L,47,62,0.76,-15,24,24,1.00,0,13.0,2,7,0.29,-5,1,0,100.00%,0.29,1.00,21,31,0.68,-10,#191,
,Blazt,LAG,LA,SEA,3/7,G,#00046,L,44,62,0.71,-18,16,27,0.59,-11,31.0,7,6,1.17,1,1,0,100.00%,1.00,0.86,21,29,0.72,-8,#192,
,Spart,LAG,LA,SEA,3/7,G,#00046,L,30,58,0.52,-28,9,26,0.35,-17,23.0,4,6,0.67,-2,0,0,,0.57,0.86,17,26,0.65,-9,#193,
,Decemate,LAG,LA,SEA,3/7,G,#00046,L,41,57,0.72,-16,15,27,0.56,-12,10.0,4,6,0.67,-2,0,0,,0.57,0.86,22,24,0.92,-2,#194,
,Vivid,LAG,LA,SEA,3/7,G,#00046,L,41,68,0.60,-27,20,32,0.63,-12,13.0,1,7,0.14,-6,0,5,0.00%,0.14,1.00,20,29,0.69,-9,#195,
,Octane,SEA,LA,LAG,3/7,G,#00046,W,81,39,2.08,42,43,16,2.69,27,72.0,5,3,1.67,2,0,1,0.00%,0.71,0.43,33,20,1.65,13,#196,
,Karma,SEA,LA,LAG,3/7,G,#00046,W,51,40,1.28,11,19,18,1.06,1,31.0,6,3,2.00,3,1,1,50.00%,0.86,0.43,26,19,1.37,7,#197,
,Slacked,SEA,LA,LAG,3/7,G,#00046,W,50,39,1.28,11,20,18,1.11,2,50.0,3,5,0.60,-2,0,0,,0.43,0.71,27,16,1.69,11,#198,
,Pandur,SEA,LA,LAG,3/7,G,#00046,W,53,45,1.18,8,22,16,1.38,6,31.0,3,5,0.60,-2,0,0,,0.43,0.71,28,24,1.17,4,#199,
,Apathy,SEA,LA,LAG,3/7,G,#00046,W,72,41,1.76,31,32,17,1.88,15,73.0,15,2,7.50,13,4,0,100.00%,2.14,0.29,25,22,1.14,3,#200,
,Skyz,FL,LA,DAL,3/8,G,#00047,L,71,46,1.54,25,40,20,2.00,20,9.0,5,7,0.71,-2,0,1,0.00%,0.50,0.70,26,19,1.37,7,#201,
,Maux,FL,LA,DAL,3/8,G,#00047,L,36,49,0.73,-13,15,25,0.60,-10,95.0,7,8,0.88,-1,2,0,100.00%,0.70,0.80,14,16,0.88,-2,#202,
,Fero,FL,LA,DAL,3/8,G,#00047,L,61,63,0.97,-2,31,27,1.15,4,65.0,8,7,1.14,1,1,2,33.33%,0.80,0.70,22,29,0.76,-7,#203,
,Frosty,FL,LA,DAL,3/8,G,#00047,L,49,57,0.86,-8,22,25,0.88,-3,70.0,7,8,0.88,-1,0,2,0.00%,0.70,0.80,20,24,0.83,-4,#204,
,Havok,FL,LA,DAL,3/8,G,#00047,L,45,50,0.90,-5,19,22,0.86,-3,81.0,9,6,1.50,3,1,1,50.00%,0.90,0.60,17,22,0.77,-5,#205,
,Clayster,DAL,LA,FL,3/8,G,#00047,W,48,50,0.96,-2,20,26,0.77,-6,30.0,7,7,1.00,0,1,0,100.00%,0.70,0.70,21,17,1.24,4,#206,
,Crimsix,DAL,LA,FL,3/8,G,#00047,W,64,50,1.28,14,31,21,1.48,10,105.0,7,7,1.00,0,0,0,,0.70,0.70,26,22,1.18,4,#207,
,iLLey,DAL,LA,FL,3/8,G,#00047,W,52,55,0.95,-3,23,29,0.79,-6,55.0,3,6,0.50,-3,1,2,33.33%,0.30,0.60,26,20,1.30,6,#208,
,Huke,DAL,LA,FL,3/8,G,#00047,W,48,54,0.89,-6,24,26,0.92,-2,73.0,7,9,0.78,-2,2,1,66.67%,0.70,0.90,17,19,0.89,-2,#209,
,Shotzzy,DAL,LA,FL,3/8,G,#00047,W,53,53,1.00,0,21,25,0.84,-4,79.0,12,7,1.71,5,2,1,66.67%,1.20,0.70,20,21,0.95,-1,#210,
,Assault,MIN,LA,SEA,3/8,G,#00048,W,45,34,1.32,11,22,14,1.57,8,95.0,6,3,2.00,3,1,1,50.00%,0.75,0.38,17,17,1.00,0,#211,
,SiLLY,MIN,LA,SEA,3/8,G,#00048,W,40,42,0.95,-2,20,15,1.33,5,36.0,4,3,1.33,1,0,0,,0.50,0.38,16,24,0.67,-8,#212,
,GodRx,MIN,LA,SEA,3/8,G,#00048,W,68,39,1.74,29,28,16,1.75,12,88.0,12,2,6.00,10,2,0,100.00%,1.50,0.25,28,21,1.33,7,#213,
,Alexx,MIN,LA,SEA,3/8,G,#00048,W,54,40,1.35,14,24,16,1.50,8,18.0,11,4,2.75,7,2,0,100.00%,1.38,0.50,19,20,0.95,-1,#214,
,Asim,MIN,LA,SEA,3/8,G,#00048,W,45,53,0.85,-8,20,18,1.11,2,24.0,4,5,0.80,-1,1,1,50.00%,0.50,0.63,21,30,0.70,-9,#215,
,Octane,SEA,LA,MIN,3/8,G,#00048,L,48,45,1.07,3,17,21,0.81,-4,47.0,9,6,1.50,3,1,0,100.00%,1.13,0.75,22,18,1.22,4,#216,
,Karma,SEA,LA,MIN,3/8,G,#00048,L,38,57,0.67,-19,13,26,0.50,-13,16.0,1,8,0.13,-7,1,2,33.33%,0.13,1.00,24,23,1.04,1,#217,
,Slacked,SEA,LA,MIN,3/8,G,#00048,L,34,48,0.71,-14,14,22,0.64,-8,15.0,2,7,0.29,-5,0,1,0.00%,0.25,0.88,18,19,0.95,-1,#218,
,Pandur,SEA,LA,MIN,3/8,G,#00048,L,42,50,0.84,-8,18,21,0.86,-3,44.0,2,8,0.25,-6,0,0,,0.25,1.00,22,21,1.05,1,#219,
,Apathy,SEA,LA,MIN,3/8,G,#00048,L,46,52,0.88,-6,17,24,0.71,-7,9.0,3,8,0.38,-5,0,3,0.00%,0.38,1.00,26,20,1.30,6,#220,
,Slasher,OGLA,LA,DAL,3/8,B,#00049,L,77,70,1.10,7,52,43,1.21,9,105.5,4,7,0.57,-3,1,0,100.00%,0.50,0.88,21,20,1.05,1,#221,
,Dashy,OGLA,LA,DAL,3/8,B,#00049,L,75,81,0.93,-6,48,50,0.96,-2,35.5,5,6,0.83,-1,0,1,0.00%,0.63,0.75,22,25,0.88,-3,#222,
,JKap,OGLA,LA,DAL,3/8,B,#00049,L,62,71,0.87,-9,41,44,0.93,-3,46.5,4,6,0.67,-2,0,2,0.00%,0.50,0.75,17,21,0.81,-4,#223,
,Kenny,OGLA,LA,DAL,3/8,B,#00049,L,79,86,0.92,-7,50,52,0.96,-2,24.5,5,8,0.63,-3,1,2,33.33%,0.63,1.00,24,26,0.92,-2,#224,
,TJHaly,OGLA,LA,DAL,3/8,B,#00049,L,86,86,1.00,0,51,54,0.94,-3,76.5,6,7,0.86,-1,0,1,0.00%,0.75,0.88,29,25,1.16,4,#225,
,Clayster,DAL,LA,OGLA,3/8,B,#00049,W,91,77,1.18,14,61,51,1.20,10,41.5,7,3,2.33,4,0,0,,0.88,0.38,23,23,1.00,0,#226,
,Crimsix,DAL,LA,OGLA,3/8,B,#00049,W,66,81,0.81,-15,40,52,0.77,-12,32.0,7,5,1.40,2,1,0,100.00%,0.88,0.63,19,24,0.79,-5,#227,
,iLLey,DAL,LA,OGLA,3/8,B,#00049,W,80,77,1.04,3,47,52,0.90,-5,73.0,7,5,1.40,2,3,0,100.00%,0.88,0.63,26,20,1.30,6,#228,
,Huke,DAL,LA,OGLA,3/8,B,#00049,W,77,75,1.03,2,40,49,0.82,-9,41.0,8,6,1.33,2,1,1,50.00%,1.00,0.75,29,20,1.45,9,#229,
,Shotzzy,DAL,LA,OGLA,3/8,B,#00049,W,80,70,1.14,10,55,39,1.41,16,72.0,5,5,1.00,0,1,1,50.00%,0.63,0.63,20,26,0.77,-6,#230,
,Assault,MIN,LA,ATL,3/8,B,#00050,W,75,84,0.89,-9,46,47,0.98,-1,72.0,14,13,1.08,1,2,1,66.67%,0.78,0.72,15,24,0.63,-9,#231,
,SiLLY,MIN,LA,ATL,3/8,B,#00050,W,97,93,1.04,4,59,52,1.13,7,33.5,15,15,1.00,0,4,2,66.67%,0.83,0.83,23,26,0.88,-3,#232,
,GodRx,MIN,LA,ATL,3/8,B,#00050,W,97,70,1.39,27,54,43,1.26,11,80.5,16,12,1.33,4,3,0,100.00%,0.89,0.67,27,15,1.80,12,#233,
,Alexx,MIN,LA,ATL,3/8,B,#00050,W,89,88,1.01,1,62,51,1.22,11,63.0,6,16,0.38,-10,2,1,66.67%,0.33,0.89,21,21,1.00,0,#234,
,Asim,MIN,LA,ATL,3/8,B,#00050,W,76,99,0.77,-23,44,61,0.72,-17,46.5,16,15,1.07,1,0,3,0.00%,0.89,0.83,16,23,0.70,-7,#235,
,Cellium,ATL,LA,MIN,3/8,B,#00050,L,107,82,1.30,25,63,49,1.29,14,23.5,18,11,1.64,7,0,0,,1.00,0.61,26,22,1.18,4,#236,
,MajorManiak,ATL,LA,MIN,3/8,B,#00050,L,69,69,1.00,0,39,38,1.03,1,45.5,13,13,1.00,0,0,3,0.00%,0.72,0.72,17,18,0.94,-1,#237,
,Priestahh,ATL,LA,MIN,3/8,B,#00050,L,89,92,0.97,-3,55,54,1.02,1,59.5,14,15,0.93,-1,3,3,50.00%,0.78,0.83,20,23,0.87,-3,#238,
,aBeZy,ATL,LA,MIN,3/8,B,#00050,L,87,104,0.84,-17,50,68,0.74,-18,76.5,11,16,0.69,-5,2,4,33.33%,0.61,0.89,26,20,1.30,6,#239,
,Simp,ATL,LA,MIN,3/8,B,#00050,L,81,87,0.93,-6,46,56,0.82,-10,47.5,15,12,1.25,3,2,1,66.67%,0.83,0.67,20,19,1.05,1,#240,
,Clayster,DAL,LA,MIN,3/8,B,#00051,W,82,79,1.04,3,49,48,1.02,1,30.0,17,13,1.31,4,1,0,100.00%,0.94,0.72,16,18,0.89,-2,#241,
,Crimsix,DAL,LA,MIN,3/8,B,#00051,W,70,89,0.79,-19,39,55,0.71,-16,41.5,9,13,0.69,-4,2,2,50.00%,0.50,0.72,22,21,1.05,1,#242,
,iLLey,DAL,LA,MIN,3/8,B,#00051,W,83,83,1.00,0,50,56,0.89,-6,66.5,10,8,1.25,2,1,3,25.00%,0.56,0.44,23,19,1.21,4,#243,
,Huke,DAL,LA,MIN,3/8,B,#00051,W,90,87,1.03,3,48,56,0.86,-8,88.0,22,13,1.69,9,5,1,83.33%,1.22,0.72,20,18,1.11,2,#244,
,Shotzzy,DAL,LA,MIN,3/8,B,#00051,W,87,74,1.18,13,53,45,1.18,8,84.0,10,11,0.91,-1,1,2,33.33%,0.56,0.61,24,18,1.33,6,#245,
,Assault,MIN,LA,DAL,3/8,B,#00051,L,81,80,1.01,1,59,47,1.26,12,31.0,8,13,0.62,-5,0,1,0.00%,0.44,0.72,14,20,0.70,-6,#246,
,SiLLY,MIN,LA,DAL,3/8,B,#00051,L,67,85,0.79,-18,39,51,0.76,-12,60.5,9,14,0.64,-5,1,4,20.00%,0.50,0.78,19,20,0.95,-1,#247,
,GodRx,MIN,LA,DAL,3/8,B,#00051,L,92,73,1.26,19,58,41,1.41,17,67.5,15,11,1.36,4,1,0,100.00%,0.83,0.61,19,21,0.90,-2,#248,
,Alexx,MIN,LA,DAL,3/8,B,#00051,L,95,79,1.20,16,54,46,1.17,8,88.0,14,15,0.93,-1,4,1,80.00%,0.78,0.83,27,18,1.50,9,#249,
,Asim,MIN,LA,DAL,3/8,B,#00051,L,77,95,0.81,-18,50,54,0.93,-4,39.0,12,15,0.80,-3,2,4,33.33%,0.67,0.83,15,26,0.58,-11,#250,
,,,,,,,,,,,,,,,,,,,,,,,,,,,,,,,#251,
,,,,,,,,,,,,,,,,,,,,,,,,,,,,,,,#252,
,,,,,,,,,,,,,,,,,,,,,,,,,,,,,,,#253,
,,,,,,,,,,,,,,,,,,,,,,,,,,,,,,,#254,
,,,,,,,,,,,,,,,,,,,,,,,,,,,,,,,#255,
,,,,,,,,,,,,,,,,,,,,,,,,,,,,,,,#256,
,,,,,,,,,,,,,,,,,,,,,,,,,,,,,,,#257,
,,,,,,,,,,,,,,,,,,,,,,,,,,,,,,,#258,
,,,,,,,,,,,,,,,,,,,,,,,,,,,,,,,#259,
,,,,,,,,,,,,,,,,,,,,,,,,,,,,,,,#260,
,,,,,,,,,,,,,,,,,,,,,,,,,,,,,,,#261,
,,,,,,,,,,,,,,,,,,,,,,,,,,,,,,,#262,
,,,,,,,,,,,,,,,,,,,,,,,,,,,,,,,#263,
,,,,,,,,,,,,,,,,,,,,,,,,,,,,,,,#264,
,,,,,,,,,,,,,,,,,,,,,,,,,,,,,,,#265,
,,,,,,,,,,,,,,,,,,,,,,,,,,,,,,,#266,
,,,,,,,,,,,,,,,,,,,,,,,,,,,,,,,#267,
,,,,,,,,,,,,,,,,,,,,,,,,,,,,,,,#268,
,,,,,,,,,,,,,,,,,,,,,,,,,,,,,,,#269,
,,,,,,,,,,,,,,,,,,,,,,,,,,,,,,,#270,
,,,,,,,,,,,,,,,,,,,,,,,,,,,,,,,#271,
,,,,,,,,,,,,,,,,,,,,,,,,,,,,,,,#272,
,,,,,,,,,,,,,,,,,,,,,,,,,,,,,,,#273,
,,,,,,,,,,,,,,,,,,,,,,,,,,,,,,,#274,
,,,,,,,,,,,,,,,,,,,,,,,,,,,,,,,#275,
,,,,,,,,,,,,,,,,,,,,,,,,,,,,,,,#276,
,,,,,,,,,,,,,,,,,,,,,,,,,,,,,,,#277,
,,,,,,,,,,,,,,,,,,,,,,,,,,,,,,,#278,
,,,,,,,,,,,,,,,,,,,,,,,,,,,,,,,#279,
,,,,,,,,,,,,,,,,,,,,,,,,,,,,,,,#280,
,,,,,,,,,,,,,,,,,,,,,,,,,,,,,,,#281,
,,,,,,,,,,,,,,,,,,,,,,,,,,,,,,,#282,
,,,,,,,,,,,,,,,,,,,,,,,,,,,,,,,#283,
,,,,,,,,,,,,,,,,,,,,,,,,,,,,,,,#284,
,,,,,,,,,,,,,,,,,,,,,,,,,,,,,,,#285,
,,,,,,,,,,,,,,,,,,,,,,,,,,,,,,,#286,
,,,,,,,,,,,,,,,,,,,,,,,,,,,,,,,#287,
,,,,,,,,,,,,,,,,,,,,,,,,,,,,,,,#288,
,,,,,,,,,,,,,,,,,,,,,,,,,,,,,,,#289,
,,,,,,,,,,,,,,,,,,,,,,,,,,,,,,,#290,
,,,,,,,,,,,,,,,,,,,,,,,,,,,,,,,#291,
,,,,,,,,,,,,,,,,,,,,,,,,,,,,,,,#292,
,,,,,,,,,,,,,,,,,,,,,,,,,,,,,,,#293,
,,,,,,,,,,,,,,,,,,,,,,,,,,,,,,,#294,
,,,,,,,,,,,,,,,,,,,,,,,,,,,,,,,#295,
,,,,,,,,,,,,,,,,,,,,,,,,,,,,,,,#296,
,,,,,,,,,,,,,,,,,,,,,,,,,,,,,,,#297,
,,,,,,,,,,,,,,,,,,,,,,,,,,,,,,,#298,
,,,,,,,,,,,,,,,,,,,,,,,,,,,,,,,#299,
,,,,,,,,,,,,,,,,,,,,,,,,,,,,,,,#300,
,,,,,,,,,,,,,,,,,,,,,,,,,,,,,,,#301,
,,,,,,,,,,,,,,,,,,,,,,,,,,,,,,,#302,
,,,,,,,,,,,,,,,,,,,,,,,,,,,,,,,#303,
,,,,,,,,,,,,,,,,,,,,,,,,,,,,,,,#304,
,,,,,,,,,,,,,,,,,,,,,,,,,,,,,,,#305,
,,,,,,,,,,,,,,,,,,,,,,,,,,,,,,,#306,
,,,,,,,,,,,,,,,,,,,,,,,,,,,,,,,#307,
,,,,,,,,,,,,,,,,,,,,,,,,,,,,,,,#308,
,,,,,,,,,,,,,,,,,,,,,,,,,,,,,,,#309,
,,,,,,,,,,,,,,,,,,,,,,,,,,,,,,,#310,
,,,,,,,,,,,,,,,,,,,,,,,,,,,,,,,#311,
,,,,,,,,,,,,,,,,,,,,,,,,,,,,,,,#312,
,,,,,,,,,,,,,,,,,,,,,,,,,,,,,,,#313,
,,,,,,,,,,,,,,,,,,,,,,,,,,,,,,,#314,
,,,,,,,,,,,,,,,,,,,,,,,,,,,,,,,#315,
,,,,,,,,,,,,,,,,,,,,,,,,,,,,,,,#316,
,,,,,,,,,,,,,,,,,,,,,,,,,,,,,,,#317,
,,,,,,,,,,,,,,,,,,,,,,,,,,,,,,,#318,
,,,,,,,,,,,,,,,,,,,,,,,,,,,,,,,#319,
,,,,,,,,,,,,,,,,,,,,,,,,,,,,,,,#320,
,,,,,,,,,,,,,,,,,,,,,,,,,,,,,,,#321,
,,,,,,,,,,,,,,,,,,,,,,,,,,,,,,,#322,
,,,,,,,,,,,,,,,,,,,,,,,,,,,,,,,#323,
,,,,,,,,,,,,,,,,,,,,,,,,,,,,,,,#324,
,,,,,,,,,,,,,,,,,,,,,,,,,,,,,,,#325,
,,,,,,,,,,,,,,,,,,,,,,,,,,,,,,,#326,
,,,,,,,,,,,,,,,,,,,,,,,,,,,,,,,#327,
,,,,,,,,,,,,,,,,,,,,,,,,,,,,,,,#328,
,,,,,,,,,,,,,,,,,,,,,,,,,,,,,,,#329,
,,,,,,,,,,,,,,,,,,,,,,,,,,,,,,,#330,
,,,,,,,,,,,,,,,,,,,,,,,,,,,,,,,#331,
,,,,,,,,,,,,,,,,,,,,,,,,,,,,,,,#332,
,,,,,,,,,,,,,,,,,,,,,,,,,,,,,,,#333,
,,,,,,,,,,,,,,,,,,,,,,,,,,,,,,,#334,
,,,,,,,,,,,,,,,,,,,,,,,,,,,,,,,#335,
,,,,,,,,,,,,,,,,,,,,,,,,,,,,,,,#336,
,,,,,,,,,,,,,,,,,,,,,,,,,,,,,,,#337,
,,,,,,,,,,,,,,,,,,,,,,,,,,,,,,,#338,
,,,,,,,,,,,,,,,,,,,,,,,,,,,,,,,#339,
,,,,,,,,,,,,,,,,,,,,,,,,,,,,,,,#340,
,,,,,,,,,,,,,,,,,,,,,,,,,,,,,,,#341,
,,,,,,,,,,,,,,,,,,,,,,,,,,,,,,,#342,
,,,,,,,,,,,,,,,,,,,,,,,,,,,,,,,#343,
,,,,,,,,,,,,,,,,,,,,,,,,,,,,,,,#344,
,,,,,,,,,,,,,,,,,,,,,,,,,,,,,,,#345,
,,,,,,,,,,,,,,,,,,,,,,,,,,,,,,,#346,
,,,,,,,,,,,,,,,,,,,,,,,,,,,,,,,#347,
,,,,,,,,,,,,,,,,,,,,,,,,,,,,,,,#348,
,,,,,,,,,,,,,,,,,,,,,,,,,,,,,,,#349,
,,,,,,,,,,,,,,,,,,,,,,,,,,,,,,,#350,
,,,,,,,,,,,,,,,,,,,,,,,,,,,,,,,#351,
,,,,,,,,,,,,,,,,,,,,,,,,,,,,,,,#352,
,,,,,,,,,,,,,,,,,,,,,,,,,,,,,,,#353,
,,,,,,,,,,,,,,,,,,,,,,,,,,,,,,,#354,
,,,,,,,,,,,,,,,,,,,,,,,,,,,,,,,#355,
,,,,,,,,,,,,,,,,,,,,,,,,,,,,,,,#356,
,,,,,,,,,,,,,,,,,,,,,,,,,,,,,,,#357,
,,,,,,,,,,,,,,,,,,,,,,,,,,,,,,,#358,
,,,,,,,,,,,,,,,,,,,,,,,,,,,,,,,#359,
,,,,,,,,,,,,,,,,,,,,,,,,,,,,,,,#360,
,,,,,,,,,,,,,,,,,,,,,,,,,,,,,,,#361,
,,,,,,,,,,,,,,,,,,,,,,,,,,,,,,,#362,
,,,,,,,,,,,,,,,,,,,,,,,,,,,,,,,#363,
,,,,,,,,,,,,,,,,,,,,,,,,,,,,,,,#364,
,,,,,,,,,,,,,,,,,,,,,,,,,,,,,,,#365,
,,,,,,,,,,,,,,,,,,,,,,,,,,,,,,,#366,
,,,,,,,,,,,,,,,,,,,,,,,,,,,,,,,#367,
,,,,,,,,,,,,,,,,,,,,,,,,,,,,,,,#368,
,,,,,,,,,,,,,,,,,,,,,,,,,,,,,,,#369,
,,,,,,,,,,,,,,,,,,,,,,,,,,,,,,,#370,
,,,,,,,,,,,,,,,,,,,,,,,,,,,,,,,#371,
,,,,,,,,,,,,,,,,,,,,,,,,,,,,,,,#372,
,,,,,,,,,,,,,,,,,,,,,,,,,,,,,,,#373,
,,,,,,,,,,,,,,,,,,,,,,,,,,,,,,,#374,
,,,,,,,,,,,,,,,,,,,,,,,,,,,,,,,#375,
,,,,,,,,,,,,,,,,,,,,,,,,,,,,,,,#376,
,,,,,,,,,,,,,,,,,,,,,,,,,,,,,,,#377,
,,,,,,,,,,,,,,,,,,,,,,,,,,,,,,,#378,
,,,,,,,,,,,,,,,,,,,,,,,,,,,,,,,#379,
,,,,,,,,,,,,,,,,,,,,,,,,,,,,,,,#380,
,,,,,,,,,,,,,,,,,,,,,,,,,,,,,,,#381,
,,,,,,,,,,,,,,,,,,,,,,,,,,,,,,,#382,
,,,,,,,,,,,,,,,,,,,,,,,,,,,,,,,#383,
,,,,,,,,,,,,,,,,,,,,,,,,,,,,,,,#384,
,,,,,,,,,,,,,,,,,,,,,,,,,,,,,,,#385,
,,,,,,,,,,,,,,,,,,,,,,,,,,,,,,,#386,
,,,,,,,,,,,,,,,,,,,,,,,,,,,,,,,#387,
,,,,,,,,,,,,,,,,,,,,,,,,,,,,,,,#388,
,,,,,,,,,,,,,,,,,,,,,,,,,,,,,,,#389,
,,,,,,,,,,,,,,,,,,,,,,,,,,,,,,,#390,
,,,,,,,,,,,,,,,,,,,,,,,,,,,,,,,#391,
,,,,,,,,,,,,,,,,,,,,,,,,,,,,,,,#392,
,,,,,,,,,,,,,,,,,,,,,,,,,,,,,,,#393,
,,,,,,,,,,,,,,,,,,,,,,,,,,,,,,,#394,
,,,,,,,,,,,,,,,,,,,,,,,,,,,,,,,#395,
,,,,,,,,,,,,,,,,,,,,,,,,,,,,,,,#396,
,,,,,,,,,,,,,,,,,,,,,,,,,,,,,,,#397,
,,,,,,,,,,,,,,,,,,,,,,,,,,,,,,,#398,
,,,,,,,,,,,,,,,,,,,,,,,,,,,,,,,#399,
,,,,,,,,,,,,,,,,,,,,,,,,,,,,,,,#400,
,,,,,,,,,,,,,,,,,,,,,,,,,,,,,,,#401,
,,,,,,,,,,,,,,,,,,,,,,,,,,,,,,,#402,
,,,,,,,,,,,,,,,,,,,,,,,,,,,,,,,#403,
,,,,,,,,,,,,,,,,,,,,,,,,,,,,,,,#404,
,,,,,,,,,,,,,,,,,,,,,,,,,,,,,,,#405,
