,Player,Team,Event,Vs Who,Date,Group / Bracket,Map ID,Series ID,Map,Result,Kills,Death,K/D,Plus / Minus,Plants,Defuses,OpDuel Won,OpDuel Lost,OpDuel %,AtkOpD Won,AtkOpD Lost,DefOpD Won,DefOpD Lost,KpR,DpR,Rounds,Snipes,Ranking,
,Arcitys,CHI,LW,DAL,1/24,G,#00002,#00001,Arklov,L,2,6,0.33,-4,1,0,1,1,50.00%,1,1,0,0,0.29,0.86,7,,#1,
,Formal,CHI,LW,DAL,1/24,G,#00002,#00001,Arklov,L,4,7,0.57,-3,0,0,1,1,50.00%,1,0,0,1,0.57,1.00,7,,#2,
SND,Gunless,CHI,LW,DAL,1/24,G,#00002,#00001,Arklov,L,1,7,0.14,-6,1,0,0,1,0.00%,0,0,0,1,0.14,1.00,7,,#3,
,Envoy,CHI,LW,DAL,1/24,G,#00002,#00001,Arklov,L,4,5,0.80,-1,0,0,0,1,0.00%,0,0,0,1,0.57,0.71,7,,#4,
,Scump,CHI,LW,DAL,1/24,G,#00002,#00001,Arklov,L,7,5,1.40,2,0,0,0,1,0.00%,0,0,0,1,1.00,0.71,7,,#5,
,Crimsix,DAL,LW,CHI,1/24,G,#00002,#00001,Arklov,L,7,3,2.33,4,0,1,0,1,0.00%,0,0,0,1,1.00,0.43,7,,#6,
,Clayster,DAL,LW,CHI,1/24,G,#00002,#00001,Arklov,L,5,3,1.67,2,0,0,2,1,66.66%,2,0,0,1,0.71,0.43,7,,#7,
,iLLey,DAL,LW,CHI,1/24,G,#00002,#00001,Arklov,L,4,5,0.80,-1,3,0,1,0,100.00%,0,0,1,0,0.57,0.71,7,,#8,
,Huke,DAL,LW,CHI,1/24,G,#00002,#00001,Arklov,L,9,5,1.80,4,0,0,1,0,100.00%,1,0,0,0,1.29,0.71,7,,#9,
,Shotzzy,DAL,LW,CHI,1/24,G,#00002,#00001,Arklov,L,5,2,2.50,3,0,0,1,0,100.00%,1,0,0,0,0.71,0.29,7,,#10,
,Octane,SEA,LW,FL,1/24,G,#00006,#00002,Gun Runner,L,4,8,0.50,-4,0,0,1,1,50.00%,0,1,1,0,0.44,0.89,9,,#11,
,Karma,SEA,LW,FL,1/24,G,#00006,#00002,Gun Runner,L,7,9,0.78,-2,0,0,2,0,100.00%,2,0,0,0,0.78,1.00,9,,#12,
,Slacked,SEA,LW,FL,1/24,G,#00006,#00002,Gun Runner,L,6,8,0.75,-2,0,0,2,0,100.00%,0,0,2,0,0.67,0.89,9,,#13,
,Apathy,SEA,LW,FL,1/24,G,#00006,#00002,Gun Runner,L,9,6,1.50,3,0,2,1,1,50.00%,0,1,1,0,1.00,0.67,9,,#14,
,Enable,SEA,LW,FL,1/24,G,#00006,#00002,Gun Runner,L,6,6,1.00,0,2,0,1,0,100.00%,0,0,1,0,0.67,0.67,9,,#15,
,Maux,FL,LW,SEA,1/24,G,#00006,#00002,Gun Runner,W,6,6,1.00,0,1,0,1,1,50.00%,0,0,1,1,0.67,0.67,9,,#16,
,Skyz,FL,LW,SEA,1/24,G,#00006,#00002,Gun Runner,W,11,7,1.57,4,0,0,0,1,0.00%,0,1,0,0,1.22,0.78,9,,#17,
,Frosty,FL,LW,SEA,1/24,G,#00006,#00002,Gun Runner,W,7,7,1.00,0,0,0,0,1,0.00%,0,1,0,0,0.78,0.78,9,,#18,
,Havok,FL,LW,SEA,1/24,G,#00006,#00002,Gun Runner,W,7,6,1.17,1,0,0,1,1,50.00%,0,1,1,0,0.78,0.67,9,,#19,
,Prestinni,FL,LW,SEA,1/24,G,#00006,#00002,Gun Runner,W,6,6,1.00,0,1,2,0,3,0.00%,0,2,0,1,0.67,0.67,9,,#20,
,AquA,LAG,LW,MIN,1/24,G,#00011,#00003,Piccadilly,W,4,6,0.67,-2,3,0,0,2,0.00%,0,0,0,2,0.44,0.67,9,,#21,
,ACHES,LAG,LW,MIN,1/24,G,#00011,#00003,Piccadilly,W,5,6,0.83,-1,0,0,0,1,0.00%,0,0,0,1,0.56,0.67,9,,#22,
,Lacefield,LAG,LW,MIN,1/24,G,#00011,#00003,Piccadilly,W,8,6,1.33,2,0,0,2,1,66.67%,1,1,1,0,0.89,0.67,9,,#23,
,Decemate,LAG,LW,MIN,1/24,G,#00011,#00003,Piccadilly,W,9,4,2.25,5,0,0,0,0,-%,0,0,0,0,1.00,0.44,9,,#24,
,Saints,LAG,LW,MIN,1/24,G,#00011,#00003,Piccadilly,W,8,7,1.14,1,1,1,2,1,66.67%,2,1,0,0,0.89,0.78,9,,#25,
,Assault,MIN,LW,LAG,1/24,G,#00011,#00003,Piccadilly,L,10,6,1.67,4,0,0,0,0,-%,0,0,0,0,1.11,0.67,9,,#26,
,SiLLY,MIN,LW,LAG,1/24,G,#00011,#00003,Piccadilly,L,4,8,0.50,-4,0,0,1,1,50.00%,1,0,0,1,0.44,0.89,9,,#27,
,GodRx,MIN,LW,LAG,1/24,G,#00011,#00003,Piccadilly,L,10,6,1.67,4,0,1,4,0,100.00%,2,0,2,0,1.11,0.67,9,,#28,
,Alexx,MIN,LW,LAG,1/24,G,#00011,#00003,Piccadilly,L,2,7,0.29,-5,1,0,0,1,0.00%,0,1,0,0,0.22,0.78,9,,#29,
,Asim,MIN,LW,LAG,1/24,G,#00011,#00003,Piccadilly,L,3,7,0.43,-4,0,0,0,2,0.00%,0,0,0,2,0.33,0.78,9,,#30,
,wuskin,LON,LW,NY,1/25,G,#00015,#00004,Piccadilly,W,11,3,3.67,8,0,1,3,0,100.00%,2,0,1,0,1.38,0.38,8,,#31,
,Rated,LON,LW,NY,1/25,G,#00015,#00004,Piccadilly,W,3,5,0.60,-2,2,0,0,1,0.00%,0,0,0,1,0.38,0.63,8,,#32,
,Skrapz,LON,LW,NY,1/25,G,#00015,#00004,Piccadilly,W,3,5,0.60,-2,0,0,0,1,0.00%,0,1,0,0,0.38,0.63,8,,#33,
,Dylan,LON,LW,NY,1/25,G,#00015,#00004,Piccadilly,W,8,6,1.33,2,1,0,1,2,33.33%,1,0,0,2,1.00,0.75,8,,#34,
,Jurd,LON,LW,NY,1/25,G,#00015,#00004,Piccadilly,W,7,6,1.17,1,0,0,0,0,-%,0,0,0,0,0.88,0.75,8,,#35,
,Accuracy,NY,LW,LON,1/25,G,#00015,#00004,Piccadilly,L,1,7,0.14,-6,1,0,0,2,0.00%,0,0,0,2,0.13,0.88,8,,#36,
,Zer0,NY,LW,LON,1/25,G,#00015,#00004,Piccadilly,L,2,6,0.33,-4,0,0,1,0,100.00%,1,0,0,0,0.25,0.75,8,,#37,
,Attach,NY,LW,LON,1/25,G,#00015,#00004,Piccadilly,L,4,6,0.67,-2,0,0,0,1,0.00%,0,0,0,1,0.50,0.75,8,,#38,
,Temp,NY,LW,LON,1/25,G,#00015,#00004,Piccadilly,L,6,6,1.00,0,1,0,0,1,0.00%,0,1,0,0,0.75,0.75,8,,#39,
,ZooMaa,NY,LW,LON,1/25,G,#00015,#00004,Piccadilly,L,12,7,1.71,5,0,0,3,0,100.00%,2,0,1,0,1.50,0.88,8,,#40,
,Methodz,TOR,LW,SEA,1/25,G,#00018,#00005,Gun Runner,W,8,3,2.67,5,0,0,0,0,-%,0,0,0,0,1.00,0.38,8,,#41,
,Cammy,TOR,LW,SEA,1/25,G,#00018,#00005,Gun Runner,W,4,6,0.67,-2,0,0,0,2,0.00%,0,1,0,1,0.50,0.75,8,,#42,
,MeTTalZz,TOR,LW,SEA,1/25,G,#00018,#00005,Gun Runner,W,9,6,1.50,3,0,1,3,1,75.00%,2,0,1,1,1.13,0.75,8,,#43,
,Loony,TOR,LW,SEA,1/25,G,#00018,#00005,Gun Runner,W,5,5,1.00,0,2,0,0,1,0.00%,0,1,0,0,0.63,0.63,8,,#44,
,Classic,TOR,LW,SEA,1/25,G,#00018,#00005,Gun Runner,W,8,5,1.60,3,1,0,1,0,100.00%,1,0,0,0,1.00,0.63,8,,#45,
,Octane,SEA,LW,TOR,1/25,G,#00018,#00005,Gun Runner,L,8,7,1.14,1,0,0,0,0,-%,0,0,0,0,1.00,0.88,8,,#46,
,Karma,SEA,LW,TOR,1/25,G,#00018,#00005,Gun Runner,L,7,7,1.00,0,1,0,0,0,-%,0,0,0,0,0.88,0.88,8,,#47,
,Slacked,SEA,LW,TOR,1/25,G,#00018,#00005,Gun Runner,L,4,7,0.57,-3,0,0,3,0,100.00%,1,0,2,0,0.50,0.88,8,,#48,
,Apathy,SEA,LW,TOR,1/25,G,#00018,#00005,Gun Runner,L,5,6,0.83,-1,0,1,1,2,33.33%,1,0,0,2,0.63,0.75,8,,#49,
,Enable,SEA,LW,TOR,1/25,G,#00018,#00005,Gun Runner,L,1,7,0.14,-6,1,0,0,2,0.00%,0,1,0,1,0.13,0.88,8,,#50,
,AquA,LAG,LW,FL,1/25,G,#00023,#00006,Gun Runner,W,9,7,1.29,2,0,0,1,1,50.00%,1,0,0,1,0.82,0.64,11,,#51,
,ACHES,LAG,LW,FL,1/25,G,#00023,#00006,Gun Runner,W,5,9,0.56,-4,1,0,1,2,33.33%,1,0,0,2,0.45,0.82,11,,#52,
,Lacefield,LAG,LW,FL,1/25,G,#00023,#00006,Gun Runner,W,9,6,1.50,3,0,1,1,0,100.00%,1,0,0,0,0.82,0.55,11,,#53,
,Decemate,LAG,LW,FL,1/25,G,#00023,#00006,Gun Runner,W,6,9,0.67,-3,0,0,2,0,100.00%,1,0,1,0,0.55,0.82,11,,#54,
,Saints,LAG,LW,FL,1/25,G,#00023,#00006,Gun Runner,W,10,9,1.11,1,1,0,2,1,66.67%,2,0,0,1,0.91,0.82,11,,#55,
,Maux,FL,LW,LAG,1/25,G,#00023,#00006,Gun Runner,L,9,7,1.29,2,2,0,2,0,100.00%,2,0,0,0,0.82,0.64,11,,#56,
,Skyz,FL,LW,LAG,1/25,G,#00023,#00006,Gun Runner,L,10,8,1.25,2,1,0,0,3,0.00%,0,0,0,3,0.91,0.73,11,,#57,
,Frosty,FL,LW,LAG,1/25,G,#00023,#00006,Gun Runner,L,11,8,1.38,3,0,0,1,0,100.00%,1,0,0,0,1.00,0.73,11,,#58,
,Havok,FL,LW,LAG,1/25,G,#00023,#00006,Gun Runner,L,3,8,0.38,-5,0,0,1,2,33.33%,1,1,0,1,0.27,0.73,11,,#59,
,Prestinni,FL,LW,LAG,1/25,G,#00023,#00006,Gun Runner,L,7,8,0.88,-1,0,0,0,2,0.00%,0,0,0,2,0.64,0.73,11,,#60,
,Slasher,OGLA,LW,PAR,1/25,G,#00028,#00007,Arklov,W,10,5,2.00,5,0,0,2,0,100.00%,1,0,1,0,1.43,0.71,7,,#61,
,Dashy,OGLA,LW,PAR,1/25,G,#00028,#00007,Arklov,W,6,4,1.50,2,0,1,0,1,0.00%,0,1,0,0,0.86,0.57,7,,#62,
,JKap,OGLA,LW,PAR,1/25,G,#00028,#00007,Arklov,W,6,5,1.20,1,0,0,0,0,-%,0,0,0,0,0.86,0.71,7,,#63,
,Kenny,OGLA,LW,PAR,1/25,G,#00028,#00007,Arklov,W,6,4,1.50,2,0,0,1,1,50.00%,0,1,1,0,0.86,0.57,7,,#64,
,TJHaly,OGLA,LW,PAR,1/25,G,#00028,#00007,Arklov,W,4,5,0.80,-1,0,0,0,2,0.00%,0,1,0,1,0.57,0.71,7,,#65,
,Denz,PAR,LW,OGLA,1/25,G,#00028,#00007,Arklov,L,2,7,0.29,-5,0,0,1,1,50.00%,0,1,1,0,0.29,1.00,7,,#66,
,Shockz,PAR,LW,OGLA,1/25,G,#00028,#00007,Arklov,L,6,6,1.00,0,0,0,1,0,100.00%,0,0,1,0,0.86,0.86,7,,#67,
,Louqa,PAR,LW,OGLA,1/25,G,#00028,#00007,Arklov,L,4,7,0.57,-3,0,0,1,0,100.00%,1,0,0,0,0.57,1.00,7,,#68,
,KiSMET,PAR,LW,OGLA,1/25,G,#00028,#00007,Arklov,L,5,6,0.83,-1,0,0,0,1,0.00%,0,0,0,1,0.71,0.86,7,,#69,
,Zed,PAR,LW,OGLA,1/25,G,#00028,#00007,Arklov,L,6,6,1.00,0,1,0,1,1,50.00%,0,1,1,0,0.86,0.86,7,,#70,
,Crimsix,DAL,LW,ATL,1/25,G,#00033,#00008,Arklov,L,4,6,0.67,-2,0,0,0,1,0.00%,0,0,0,1,0.67,1.00,6,,#71,
,Clayster,DAL,LW,ATL,1/25,G,#00033,#00008,Arklov,L,1,6,0.17,-5,0,0,0,1,0.00%,0,1,0,0,0.17,1.00,6,,#72,
,iLLey,DAL,LW,ATL,1/25,G,#00033,#00008,Arklov,L,2,6,0.33,-4,0,0,0,2,0.00%,0,1,0,1,0.33,1.00,6,,#73,
,Huke,DAL,LW,ATL,1/25,G,#00033,#00008,Arklov,L,2,6,0.33,-4,0,0,0,2,0.00%,0,1,0,1,0.33,1.00,6,,#74,
,Shotzzy,DAL,LW,ATL,1/25,G,#00033,#00008,Arklov,L,3,6,0.50,-3,0,0,0,0,-%,0,0,0,0,0.50,1.00,6,,#75,
,Cellium,ATL,LW,DAL,1/25,G,#00033,#00008,Arklov,W,6,2,3.00,4,0,0,1,0,100.00%,1,0,0,0,1.00,0.33,6,,#76,
,MajorManiak,ATL,LW,DAL,1/25,G,#00033,#00008,Arklov,W,6,1,6.00,5,0,0,1,0,100.00%,1,0,0,0,1.00,0.17,6,,#77,
,Priestahh,ATL,LW,DAL,1/25,G,#00033,#00008,Arklov,W,6,4,1.50,2,1,0,2,0,100.00%,0,0,2,0,1.00,0.67,6,,#78,
,aBeZy,ATL,LW,DAL,1/25,G,#00033,#00008,Arklov,W,5,4,1.25,1,0,0,1,0,100.00%,1,0,0,0,0.83,0.67,6,,#79,
,Simp,ATL,LW,DAL,1/25,G,#00033,#00008,Arklov,W,7,1,7.00,6,1,0,1,0,100.00%,0,0,1,0,1.17,0.17,6,,#80,
,Denz,PAR,LW,LON,1/26,G,#00036,#00009,Arklov,W,7,6,1.17,1,0,0,2,0,100.00%,1,0,1,0,0.70,0.60,10,,#81,
,Shockz,PAR,LW,LON,1/26,G,#00036,#00009,Arklov,W,7,7,1.00,0,0,0,2,1,66.67%,0,1,2,0,0.70,0.70,10,,#82,
,Louqa,PAR,LW,LON,1/26,G,#00036,#00009,Arklov,W,10,8,1.25,2,0,1,1,0,100.00%,1,0,0,0,1.00,0.80,10,,#83,
,KiSMET,PAR,LW,LON,1/26,G,#00036,#00009,Arklov,W,8,10,0.80,-2,1,0,3,0,100.00%,1,0,2,0,0.80,1.00,10,,#84,
,Zed,PAR,LW,LON,1/26,G,#00036,#00009,Arklov,W,11,6,1.83,5,3,0,0,1,0.00%,0,1,0,0,1.10,0.60,10,,#85,
,wuskin,LON,LW,PAR,1/26,G,#00036,#00009,Arklov,L,7,8,0.88,-1,0,0,0,0,-%,0,0,0,0,0.70,0.80,10,,#86,
,Rated,LON,LW,PAR,1/26,G,#00036,#00009,Arklov,L,5,10,0.50,-5,1,0,0,1,0.00%,0,0,0,1,0.50,1.00,10,,#87,
,Skrapz,LON,LW,PAR,1/26,G,#00036,#00009,Arklov,L,14,7,2.00,7,1,1,0,0,-%,0,0,0,0,1.40,0.70,10,,#88,
,Dylan,LON,LW,PAR,1/26,G,#00036,#00009,Arklov,L,9,9,1.00,0,0,0,2,2,50.00%,0,2,2,0,0.90,0.90,10,,#89,
,Jurd,LON,LW,PAR,1/26,G,#00036,#00009,Arklov,L,2,9,0.22,-7,0,0,0,5,0.00%,0,3,0,2,0.20,0.90,10,,#90,
,Arcitys,CHI,LW,OGLA,1/26,G,#00039,#00010,Piccadilly,W,3,5,0.60,-2,0,0,0,1,0.00%,0,1,0,0,0.38,0.63,8,,#91,
,Formal,CHI,LW,OGLA,1/26,G,#00039,#00010,Piccadilly,W,9,4,2.25,5,0,0,1,1,50.00%,0,1,1,0,1.13,0.50,8,,#92,
,Gunless,CHI,LW,OGLA,1/26,G,#00039,#00010,Piccadilly,W,8,5,1.60,3,2,0,0,0,-%,0,0,0,0,1.00,0.63,8,,#93,
,Envoy,CHI,LW,OGLA,1/26,G,#00039,#00010,Piccadilly,W,4,5,0.80,-1,0,0,2,2,50.00%,0,1,2,1,0.50,0.63,8,,#94,
,Scump,CHI,LW,OGLA,1/26,G,#00039,#00010,Piccadilly,W,11,3,3.67,8,0,1,1,0,100.00%,1,0,0,0,1.38,0.38,8,,#95,
,Slasher,OGLA,LW,CHI,1/26,G,#00039,#00010,Piccadilly,L,3,8,0.38,-5,0,0,0,2,0.00%,0,2,0,0,0.38,1.00,8,,#96,
,Dashy,OGLA,LW,CHI,1/26,G,#00039,#00010,Piccadilly,L,5,6,0.83,-1,1,0,2,0,100.00%,1,0,1,0,0.63,0.75,8,,#97,
,JKap,OGLA,LW,CHI,1/26,G,#00039,#00010,Piccadilly,L,4,7,0.57,-3,0,0,0,0,-%,0,0,0,0,0.50,0.88,8,,#98,
,Kenny,OGLA,LW,CHI,1/26,G,#00039,#00010,Piccadilly,L,5,6,0.83,-1,0,0,0,1,0.00%,0,0,0,1,0.63,0.75,8,,#99,
,TJHaly,OGLA,LW,CHI,1/26,G,#00039,#00010,Piccadilly,L,4,8,0.50,-4,0,0,2,1,66.67%,0,1,2,0,0.50,1.00,8,,#100,
,Accuracy,NY,LW,ATL,1/26,G,#00042,#00011,Piccadilly,L,2,6,0.33,-4,1,0,0,0,-%,0,0,0,0,0.33,1.00,6,,#101,
,Zer0,NY,LW,ATL,1/26,G,#00042,#00011,Piccadilly,L,3,6,0.50,-3,0,0,1,0,100.00%,1,0,0,0,0.50,1.00,6,,#102,
,Attach,NY,LW,ATL,1/26,G,#00042,#00011,Piccadilly,L,0,6,0.00,-6,0,0,0,1,0.00%,0,0,0,1,0.00,1.00,6,,#103,
,Temp,NY,LW,ATL,1/26,G,#00042,#00011,Piccadilly,L,1,6,0.17,-5,0,0,0,2,0.00%,0,1,0,1,0.17,1.00,6,,#104,
,ZooMaa,NY,LW,ATL,1/26,G,#00042,#00011,Piccadilly,L,0,6,0.00,-6,0,0,0,2,0.00%,0,1,0,1,0.00,1.00,6,,#105,
,Cellium,ATL,LW,NY,1/26,G,#00042,#00011,Piccadilly,W,4,0,,4,0,0,0,0,-%,0,0,0,0,0.67,0.00,6,,#106,
,MajorManiak,ATL,LW,NY,1/26,G,#00042,#00011,Piccadilly,W,8,0,,8,0,0,1,0,100.00%,1,0,0,0,1.33,0.00,6,,#107,
,Priestahh,ATL,LW,NY,1/26,G,#00042,#00011,Piccadilly,W,9,2,4.50,7,0,0,3,0,100.00%,1,0,2,0,1.50,0.33,6,,#108,
,aBeZy,ATL,LW,NY,1/26,G,#00042,#00011,Piccadilly,W,2,3,0.67,-1,0,0,1,1,50.00%,1,0,0,1,0.33,0.50,6,,#109,
,Simp,ATL,LW,NY,1/26,G,#00042,#00011,Piccadilly,W,6,1,6.00,5,0,1,0,0,-%,0,0,0,0,1.00,0.17,6,,#110,
,Assault,MIN,LW,TOR,1/26,G,#00046,#00012,Rammaza,L,9,8,1.13,1,0,0,0,0,-%,0,0,0,0,1.00,0.89,9,,#111,
,SiLLY,MIN,LW,TOR,1/26,G,#00046,#00012,Rammaza,L,4,7,0.57,-3,0,0,0,0,-%,0,0,0,0,0.44,0.78,9,,#112,
,GodRx,MIN,LW,TOR,1/26,G,#00046,#00012,Rammaza,L,3,7,0.43,-4,1,0,2,1,66.67%,1,1,1,0,0.33,0.78,9,,#113,
,Alexx,MIN,LW,TOR,1/26,G,#00046,#00012,Rammaza,L,7,6,1.17,1,0,0,1,2,33.33%,0,2,1,0,0.78,0.67,9,,#114,
,Asim,MIN,LW,TOR,1/26,G,#00046,#00012,Rammaza,L,3,9,0.33,-6,0,0,1,2,33.33%,1,1,0,1,0.33,1.00,9,,#115,
,Methodz,TOR,LW,MIN,1/26,G,#00046,#00012,Rammaza,W,6,5,1.20,1,0,0,0,0,-%,0,0,0,0,0.67,0.56,9,,#116,
,Cammy,TOR,LW,MIN,1/26,G,#00046,#00012,Rammaza,W,5,6,0.83,-1,0,0,2,1,66.67%,0,1,2,0,0.56,0.67,9,,#117,
,MeTTalZz,TOR,LW,MIN,1/26,G,#00046,#00012,Rammaza,W,6,6,1.00,0,0,0,1,2,33.33%,0,2,1,0,0.67,0.67,9,,#118,
,Loony,TOR,LW,MIN,1/26,G,#00046,#00012,Rammaza,W,4,5,0.80,-1,0,1,0,0,-%,0,0,0,0,0.44,0.56,9,,#119,
,Classic,TOR,LW,MIN,1/26,G,#00046,#00012,Rammaza,W,16,5,3.20,11,0,0,2,1,66.67%,1,0,1,1,1.78,0.56,9,,#120,
,Octane,SEA,LW,FL,1/24,G,#00009,#00002,Rammaza,L,1,6,0.17,-5,0,0,1,2,33.33%,1,2,0,0,0.17,1.00,6,,#121,
,Karma,SEA,LW,FL,1/24,G,#00009,#00002,Rammaza,L,5,6,0.83,-1,0,0,2,0,100.00%,0,0,2,0,0.83,1.00,6,,#122,
,Slacked,SEA,LW,FL,1/24,G,#00009,#00002,Rammaza,L,5,6,0.83,-1,0,0,0,0,-%,0,0,0,0,0.83,1.00,6,,#123,
,Apathy,SEA,LW,FL,1/24,G,#00009,#00002,Rammaza,L,0,6,0.00,-6,0,0,0,0,-%,0,0,0,0,0.00,1.00,6,,#124,
,Enable,SEA,LW,FL,1/24,G,#00009,#00002,Rammaza,L,2,6,0.33,-4,1,0,1,0,100.00%,0,0,1,0,0.33,1.00,6,,#125,
,Maux,FL,LW,SEA,1/24,G,#00009,#00002,Rammaza,W,4,1,4.00,3,0,0,1,0,100.00%,0,0,1,0,0.67,0.17,6,,#126,
,Skyz,FL,LW,SEA,1/24,G,#00009,#00002,Rammaza,W,5,3,1.67,2,0,0,0,1,0.00%,0,1,0,0,0.83,0.50,6,,#127,
,Frosty,FL,LW,SEA,1/24,G,#00009,#00002,Rammaza,W,2,6,0.33,-4,0,0,0,3,0.00%,0,2,0,1,0.33,1.00,6,,#128,
,Havok,FL,LW,SEA,1/24,G,#00009,#00002,Rammaza,W,10,1,10.00,9,0,0,1,0,100.00%,0,0,1,0,1.67,0.17,6,,#129,
,Prestinni,FL,LW,SEA,1/24,G,#00009,#00002,Rammaza,W,9,2,4.50,7,0,1,0,0,-%,0,0,0,0,1.50,0.33,6,,#130,
,Methodz,TOR,LW,SEA,1/25,G,#00021,#00005,Rammaza,W,9,9,1.00,0,0,0,1,0,100.00%,1,0,0,0,0.82,0.82,11,,#131,
,Cammy,TOR,LW,SEA,1/25,G,#00021,#00005,Rammaza,W,9,7,1.29,2,1,1,1,2,33.33%,0,2,1,0,0.82,0.64,11,,#132,
,MeTTalZz,TOR,LW,SEA,1/25,G,#00021,#00005,Rammaza,W,8,9,0.89,-1,0,1,0,2,0.00%,0,2,0,0,0.73,0.82,11,,#133,
,Loony,TOR,LW,SEA,1/25,G,#00021,#00005,Rammaza,W,6,9,0.67,-3,2,1,0,0,-%,0,0,0,0,0.55,0.82,11,,#134,
,Classic,TOR,LW,SEA,1/25,G,#00021,#00005,Rammaza,W,7,10,0.70,-3,1,0,2,3,40.00%,1,0,1,3,0.64,0.91,11,,#135,
,Octane,SEA,LW,TOR,1/25,G,#00021,#00005,Rammaza,L,14,8,1.75,6,1,1,2,0,100.00%,1,0,1,0,1.27,0.73,11,,#136,
,Karma,SEA,LW,TOR,1/25,G,#00021,#00005,Rammaza,L,7,7,1.00,0,0,0,1,2,33.33%,0,1,1,1,0.64,0.64,11,,#137,
,Slacked,SEA,LW,TOR,1/25,G,#00021,#00005,Rammaza,L,4,9,0.44,-5,0,0,1,0,100.00%,0,0,1,0,0.36,0.82,11,,#138,
,Apathy,SEA,LW,TOR,1/25,G,#00021,#00005,Rammaza,L,13,6,2.17,7,1,1,3,1,75.00%,2,1,1,0,1.18,0.55,11,,#139,
,Enable,SEA,LW,TOR,1/25,G,#00021,#00005,Rammaza,L,6,9,0.67,-3,2,0,0,1,0.00%,0,0,0,1,0.55,0.82,11,,#140,
,AquA,LAG,LW,FL,1/25,G,#00026,#00006,Arklov,W,5,5,1.00,0,0,0,1,0,100.00%,1,0,0,0,0.50,0.50,10,,#141,
,ACHES,LAG,LW,FL,1/25,G,#00026,#00006,Arklov,W,2,8,0.25,-6,0,0,1,1,50.00%,0,0,1,1,0.20,0.80,10,,#142,
,Lacefield,LAG,LW,FL,1/25,G,#00026,#00006,Arklov,W,7,8,0.88,-1,0,0,0,1,0.00%,0,1,0,0,0.70,0.80,10,,#143,
,Decemate,LAG,LW,FL,1/25,G,#00026,#00006,Arklov,W,12,5,2.40,7,0,1,1,2,33.33%,0,1,1,1,1.20,0.50,10,,#144,
,Saints,LAG,LW,FL,1/25,G,#00026,#00006,Arklov,W,11,7,1.57,4,1,0,2,1,66.67%,1,1,1,0,1.10,0.70,10,,#145,
,Maux,FL,LW,LAG,1/25,G,#00026,#00006,Arklov,L,8,7,1.14,1,2,0,1,0,100.00%,0,0,1,0,0.80,0.70,10,,#146,
,Skyz,FL,LW,LAG,1/25,G,#00026,#00006,Arklov,L,11,9,1.22,2,0,0,3,1,75.00%,2,1,1,0,1.10,0.90,10,,#147,
,Frosty,FL,LW,LAG,1/25,G,#00026,#00006,Arklov,L,9,8,1.13,1,0,0,1,0,100.00%,0,0,1,0,0.90,0.80,10,,#148,
,Havok,FL,LW,LAG,1/25,G,#00026,#00006,Arklov,L,3,7,0.43,-4,0,0,0,1,0.00%,0,0,0,1,0.30,0.70,10,,#149,
,Prestinni,FL,LW,LAG,1/25,G,#00026,#00006,Arklov,L,2,6,0.33,-4,0,0,0,3,0.00%,0,2,0,1,0.20,0.60,10,,#150,
,Slasher,OGLA,LW,PAR,1/25,G,#00031,#00007,Rammaza,L,4,9,0.44,-5,0,0,0,0,-%,0,0,0,0,0.44,1.00,9,,#151,
,Dashy,OGLA,LW,PAR,1/25,G,#00031,#00007,Rammaza,L,8,8,1.00,0,0,1,3,0,100.00%,2,0,1,0,0.89,0.89,9,,#152,
,JKap,OGLA,LW,PAR,1/25,G,#00031,#00007,Rammaza,L,7,6,1.17,1,1,0,0,3,0.00%,0,2,0,1,0.78,0.67,9,,#153,
,Kenny,OGLA,LW,PAR,1/25,G,#00031,#00007,Rammaza,L,2,8,0.25,-6,0,0,1,1,50.00%,0,0,1,1,0.22,0.89,9,,#154,
,TJHaly,OGLA,LW,PAR,1/25,G,#00031,#00007,Rammaza,L,4,7,0.57,-3,0,0,0,1,0.00%,0,0,0,1,0.44,0.78,9,,#155,
,Denz,PAR,LW,OGLA,1/25,G,#00031,#00007,Rammaza,W,8,5,1.60,3,0,0,1,0,100.00%,1,0,0,0,0.89,0.56,9,,#156,
,Shockz,PAR,LW,OGLA,1/25,G,#00031,#00007,Rammaza,W,3,5,0.60,-2,0,0,1,1,50.00%,1,1,0,0,0.33,0.56,9,,#157,
,Louqa,PAR,LW,OGLA,1/25,G,#00031,#00007,Rammaza,W,6,5,1.20,1,0,0,0,3,0.00%,0,1,0,2,0.67,0.56,9,,#158,
,KiSMET,PAR,LW,OGLA,1/25,G,#00031,#00007,Rammaza,W,13,4,3.25,9,0,0,3,0,100.00%,1,0,2,0,1.44,0.44,9,,#159,
,Zed,PAR,LW,OGLA,1/25,G,#00031,#00007,Rammaza,W,8,8,1.00,0,3,0,0,0,-%,0,0,0,0,0.89,0.89,9,,#160,
,Skyz,FL,LA,ATL,3/7,G,#00157,#00039,Arklov,L,3,6,0.50,-3,0,0,0,0,-%,0,0,0,0,0.43,0.86,7,0,#161,
,Maux,FL,LA,ATL,3/7,G,#00157,#00039,Arklov,L,3,6,0.50,-3,0,0,0,0,-%,0,0,0,0,0.43,0.86,7,0,#162,
,Fero,FL,LA,ATL,3/7,G,#00157,#00039,Arklov,L,2,6,0.33,-4,0,0,1,1,50.00%,1,0,0,1,0.29,0.86,7,0,#163,
,Frosty,FL,LA,ATL,3/7,G,#00157,#00039,Arklov,L,3,6,0.50,-3,0,0,1,2,33.33%,0,2,1,0,0.43,0.86,7,0,#164,
,Havok,FL,LA,ATL,3/7,G,#00157,#00039,Arklov,L,3,6,0.50,-3,0,0,0,2,0.00%,0,0,0,2,0.43,0.86,7,0,#165,
,Cellium,ATL,LA,FL,3/7,G,#00157,#00039,Arklov,W,5,4,1.25,1,0,0,0,1,0.00%,0,0,0,1,0.71,0.57,7,0,#166,
,MajorManiak,ATL,LA,FL,3/7,G,#00157,#00039,Arklov,W,4,3,1.33,1,0,0,1,0,100.00%,0,0,1,0,0.57,0.43,7,0,#167,
,Priestahh,ATL,LA,FL,3/7,G,#00157,#00039,Arklov,W,13,4,3.25,9,2,0,3,1,75.00%,2,1,1,0,1.86,0.57,7,0,#168,
,aBeZy,ATL,LA,FL,3/7,G,#00157,#00039,Arklov,W,6,1,6.00,5,0,0,1,0,100.00%,1,0,0,0,0.86,0.14,7,0,#169,
,Simp,ATL,LA,FL,3/7,G,#00157,#00039,Arklov,W,2,2,1.00,0,1,0,0,0,-%,0,0,0,0,0.29,0.29,7,1,#170,
,Assault,MIN,LA,SEA,3/7,G,#00160,#00040,St Petro,L,5,8,0.63,-3,0,0,0,1,0.00%,0,0,0,1,0.45,0.73,11,0,#171,
,SiLLY,MIN,LA,SEA,3/7,G,#00160,#00040,St Petro,L,3,10,0.30,-7,0,0,0,1,0.00%,0,1,0,0,0.27,0.91,11,0,#172,
,GodRx,MIN,LA,SEA,3/7,G,#00160,#00040,St Petro,L,14,7,2.00,7,0,0,1,1,50.00%,0,1,1,0,1.27,0.64,11,2,#173,
,Alexx,MIN,LA,SEA,3/7,G,#00160,#00040,St Petro,L,9,9,1.00,0,1,0,1,3,25.00%,0,2,1,1,0.82,0.82,11,0,#174,
,Asim,MIN,LA,SEA,3/7,G,#00160,#00040,St Petro,L,4,8,0.50,-4,2,0,0,3,0.00%,0,2,0,1,0.36,0.73,11,0,#175,
,Octane,SEA,LA,MIN,3/7,G,#00160,#00040,St Petro,W,4,7,0.57,-3,0,0,0,0,-%,0,0,0,0,0.36,0.64,11,0,#176,
,Karma,SEA,LA,MIN,3/7,G,#00160,#00040,St Petro,W,8,8,1.00,0,1,0,3,1,75.00%,1,1,2,0,0.73,0.73,11,0,#177,
,Slacked,SEA,LA,MIN,3/7,G,#00160,#00040,St Petro,W,8,6,1.33,2,0,0,2,0,100.00%,1,0,1,0,0.73,0.55,11,0,#178,
,Pandur,SEA,LA,MIN,3/7,G,#00160,#00040,St Petro,W,8,6,1.33,2,0,0,1,0,100.00%,0,0,1,0,0.73,0.55,11,0,#179,
,Apathy,SEA,LA,MIN,3/7,G,#00160,#00040,St Petro,W,14,9,1.56,5,0,0,3,1,75.00%,1,1,2,0,1.27,0.82,11,0,#180,
,Clayster,DAL,LA,NY,3/7,G,#00164,#00041,Piccadilly,W,11,4,2.75,7,0,2,0,0,-%,0,0,0,0,1.10,0.40,10,0,#181,
,Crimsix,DAL,LA,NY,3/7,G,#00164,#00041,Piccadilly,W,7,8,0.88,-1,0,0,4,2,66.67%,0,2,4,0,0.70,0.80,10,0,#182,
,iLLey,DAL,LA,NY,3/7,G,#00164,#00041,Piccadilly,W,7,7,1.00,0,0,1,0,1,0.00%,0,1,0,0,0.70,0.70,10,0,#183,
,Huke,DAL,LA,NY,3/7,G,#00164,#00041,Piccadilly,W,5,9,0.56,-4,0,0,1,1,50.00%,0,1,1,0,0.50,0.90,10,2,#184,
,Shotzzy,DAL,LA,NY,3/7,G,#00164,#00041,Piccadilly,W,8,6,1.33,2,2,0,1,0,100.00%,1,0,0,0,0.80,0.60,10,0,#185,
,Accuracy,NY,LA,DAL,3/7,G,#00164,#00041,Piccadilly,L,7,8,0.88,-1,1,0,0,1,0.00%,0,1,0,0,0.70,0.80,10,0,#186,
,Happy,NY,LA,DAL,3/7,G,#00164,#00041,Piccadilly,L,6,7,0.86,-1,1,0,4,1,80.00%,0,0,4,1,0.60,0.70,10,6,#187,
,Attach,NY,LA,DAL,3/7,G,#00164,#00041,Piccadilly,L,12,7,1.71,5,0,0,0,0,-%,0,0,0,0,1.20,0.70,10,0,#188,
,Temp,NY,LA,DAL,3/7,G,#00164,#00041,Piccadilly,L,4,8,0.50,-4,1,0,0,2,0.00%,0,2,0,0,0.40,0.80,10,0,#189,
,ZooMaa,NY,LA,DAL,3/7,G,#00164,#00041,Piccadilly,L,5,8,0.63,-3,0,0,0,2,0.00%,0,2,0,0,0.50,0.80,10,0,#190,
,AquA,LAG,LA,OGLA,3/7,G,#00168,#00042,Gun Runner,W,6,7,0.86,-1,0,0,1,0,100.00%,0,0,1,0,0.5,0.6,11,0,#191,
,Blazt,LAG,LA,OGLA,3/7,G,#00168,#00042,Gun Runner,W,8,7,1.14,1,0,0,2,0,100.00%,2,0,0,0,0.7,0.6,11,0,#192,
,Spart,LAG,LA,OGLA,3/7,G,#00168,#00042,Gun Runner,W,5,8,0.63,-3,1,0,1,1,50.00%,1,0,0,1,0.5,0.7,11,0,#193,
,Decemate,LAG,LA,OGLA,3/7,G,#00168,#00042,Gun Runner,W,9,8,1.13,1,0,0,1,0,100.00%,0,0,1,0,0.8,0.7,11,0,#194,
,Vivid,LAG,LA,OGLA,3/7,G,#00168,#00042,Gun Runner,W,13,8,1.63,5,0,0,4,1,80.00%,2,1,2,0,1.2,0.7,11,0,#195,
,Slasher,OGLA,LA,LAG,3/7,G,#00168,#00042,Gun Runner,L,8,6,1.33,2,0,0,0,0,-%,0,0,0,0,0.7,0.5,11,0,#196,
,Dashy,OGLA,LA,LAG,3/7,G,#00168,#00042,Gun Runner,L,8,8,1.00,0,0,0,0,2,0.00%,0,1,0,1,0.7,0.7,11,0,#197,
,JKap,OGLA,LA,LAG,3/7,G,#00168,#00042,Gun Runner,L,2,10,0.20,-8,1,0,1,1,50.00%,0,0,1,1,0.2,0.9,11,0,#198,
,Kenny,OGLA,LA,LAG,3/7,G,#00168,#00042,Gun Runner,L,14,8,1.75,6,0,0,1,2,33.33%,1,1,0,1,1.3,0.7,11,0,#199,
,TJHaly,OGLA,LA,LAG,3/7,G,#00168,#00042,Gun Runner,L,6,9,0.67,-3,0,0,0,4,0.00%,0,2,0,2,0.5,0.8,11,0,#200,
,Clayster,DAL,LA,ATL,3/7,G,#00173,#00043,Piccadilly,L,1,8,0.13,-7,0,0,0,2,0.00%,0,1,0,1,0.1,0.9,9,0,#201,
,Crimsix,DAL,LA,ATL,3/7,G,#00173,#00043,Piccadilly,L,4,7,0.57,-3,0,0,1,0,100.00%,1,0,0,0,0.4,0.8,9,0,#202,
,iLLey,DAL,LA,ATL,3/7,G,#00173,#00043,Piccadilly,L,7,8,0.88,-1,0,0,0,2,0.00%,0,2,0,0,0.8,0.9,9,1,#203,
,Huke,DAL,LA,ATL,3/7,G,#00173,#00043,Piccadilly,L,9,6,1.50,3,0,0,1,1,50.00%,0,0,1,1,1.0,0.7,9,2,#204,
,Shotzzy,DAL,LA,ATL,3/7,G,#00173,#00043,Piccadilly,L,5,7,0.71,-2,4,0,1,1,50.00%,1,0,0,1,0.6,0.8,9,0,#205,
,Cellium,ATL,LA,DAL,3/7,G,#00173,#00043,Piccadilly,W,6,6,1.00,0,0,1,1,0,100.00%,0,0,1,0,0.7,0.7,9,0,#206,
,MajorManiak,ATL,LA,DAL,3/7,G,#00173,#00043,Piccadilly,W,9,4,2.25,5,0,0,0,0,-%,0,0,0,0,1.0,0.4,9,0,#207,
,Priestahh,ATL,LA,DAL,3/7,G,#00173,#00043,Piccadilly,W,6,4,1.50,2,0,1,0,0,-%,0,0,0,0,0.7,0.4,9,0,#208,
,aBeZy,ATL,LA,DAL,3/7,G,#00173,#00043,Piccadilly,W,4,7,0.57,-3,0,1,3,2,60.00%,1,1,2,1,0.4,0.8,9,0,#209,
,Simp,ATL,LA,DAL,3/7,G,#00173,#00043,Piccadilly,W,11,5,2.20,6,0,0,2,1,66.67%,2,0,0,1,1.2,0.6,9,10,#210,
,Skyz,FL,LA,NY,3/7,G,#00176,#00044,Rammaza,L,11,7,1.57,4,0,0,1,2,33.33%,0,2,1,0,1.00,0.64,11,0,#211,
,Maux,FL,LA,NY,3/7,G,#00176,#00044,Rammaza,L,6,8,0.75,-2,1,0,0,0,-%,0,0,0,0,0.55,0.73,11,0,#212,
,Fero,FL,LA,NY,3/7,G,#00176,#00044,Rammaza,L,5,9,0.56,-4,0,0,1,2,33.33%,1,2,0,0,0.45,0.82,11,0,#213,
,Frosty,FL,LA,NY,3/7,G,#00176,#00044,Rammaza,L,3,10,0.30,-7,1,0,0,2,0.00%,0,1,0,1,0.27,0.91,11,0,#214,
,Havok,FL,LA,NY,3/7,G,#00176,#00044,Rammaza,L,5,10,0.50,-5,1,0,0,3,0.00%,0,0,0,3,0.45,0.91,11,0,#215,
,Accuracy,NY,LA,FL,3/7,G,#00176,#00044,Rammaza,W,8,6,1.33,2,0,0,1,0,100.00%,1,0,0,0,0.73,0.55,11,0,#216,
,Happy,NY,LA,FL,3/7,G,#00176,#00044,Rammaza,W,8,7,1.14,1,0,0,1,2,33.33%,0,1,1,1,0.73,0.64,11,3,#217,
,Attach,NY,LA,FL,3/7,G,#00176,#00044,Rammaza,W,3,5,0.60,-2,0,0,1,0,100.00%,1,0,0,0,0.27,0.45,11,0,#218,
,Temp,NY,LA,FL,3/7,G,#00176,#00044,Rammaza,W,16,5,3.20,11,1,0,3,0,100.00%,1,0,2,0,1.45,0.45,11,0,#219,
,ZooMaa,NY,LA,FL,3/7,G,#00176,#00044,Rammaza,W,9,7,1.29,2,0,0,3,0,100.00%,1,0,2,0,0.82,0.64,11,0,#220,
,Assault,MIN,LA,OGLA,3/7,G,#00180,#00045,Rammaza,L,3,8,0.38,-5,0,0,0,0,-%,0,0,0,0,0.33,0.89,9,0,#221,
,SiLLY,MIN,LA,OGLA,3/7,G,#00180,#00045,Rammaza,L,8,6,1.33,2,0,0,0,1,0.00%,0,1,0,0,0.89,0.67,9,0,#222,
,GodRx,MIN,LA,OGLA,3/7,G,#00180,#00045,Rammaza,L,6,7,0.86,-1,0,0,1,1,50.00%,0,1,1,0,0.67,0.78,9,0,#223,
,Alexx,MIN,LA,OGLA,3/7,G,#00180,#00045,Rammaza,L,7,7,1.00,0,0,0,3,1,75.00%,2,0,1,1,0.78,0.78,9,0,#224,
,Asim,MIN,LA,OGLA,3/7,G,#00180,#00045,Rammaza,L,3,8,0.38,-5,0,0,0,2,0.00%,0,0,0,2,0.33,0.89,9,0,#225,
,Slasher,OGLA,LA,MIN,3/7,G,#00180,#00045,Rammaza,W,8,6,1.33,2,0,0,0,1,0.00%,0,1,0,0,0.89,0.67,9,0,#226,
,Dashy,OGLA,LA,MIN,3/7,G,#00180,#00045,Rammaza,W,5,5,1.00,0,1,0,0,0,-%,0,0,0,0,0.56,0.56,9,0,#227,
,JKap,OGLA,LA,MIN,3/7,G,#00180,#00045,Rammaza,W,7,5,1.40,2,2,0,2,1,66.67%,1,0,1,1,0.78,0.56,9,0,#228,
,Kenny,OGLA,LA,MIN,3/7,G,#00180,#00045,Rammaza,W,7,6,1.17,1,0,0,0,1,0.00%,0,0,0,1,0.78,0.67,9,0,#229,
,TJHaly,OGLA,LA,MIN,3/7,G,#00180,#00045,Rammaza,W,9,5,1.80,4,0,0,3,1,75.00%,2,1,1,0,1.00,0.56,9,0,#230,
,AquA,LAG,LA,SEA,3/7,G,#00183,#00046,Gun Runner,L,2,7,0.29,-5,0,0,1,0,100.00%,0,0,1,0,0.29,1.00,7,0,#231,
,Blazt,LAG,LA,SEA,3/7,G,#00183,#00046,Gun Runner,L,7,6,1.17,1,0,0,1,0,100.00%,1,0,0,0,1.00,0.86,7,0,#232,
,Spart,LAG,LA,SEA,3/7,G,#00183,#00046,Gun Runner,L,4,6,0.67,-2,3,0,0,0,-%,0,0,0,0,0.57,0.86,7,0,#233,
,Decemate,LAG,LA,SEA,3/7,G,#00183,#00046,Gun Runner,L,4,6,0.67,-2,0,0,0,0,-%,0,0,0,0,0.57,0.86,7,0,#234,
,Vivid,LAG,LA,SEA,3/7,G,#00183,#00046,Gun Runner,L,1,7,0.14,-6,0,0,0,5,0.00%,0,3,0,2,0.14,1.00,7,0,#235,
,Octane,SEA,LA,LAG,3/7,G,#00183,#00046,Gun Runner,W,5,3,1.67,2,0,0,0,1,0.00%,0,0,0,1,0.71,0.43,7,0,#236,
,Karma,SEA,LA,LAG,3/7,G,#00183,#00046,Gun Runner,W,6,3,2.00,3,0,1,1,1,50.00%,0,1,1,0,0.86,0.43,7,0,#237,
,Slacked,SEA,LA,LAG,3/7,G,#00183,#00046,Gun Runner,W,3,5,0.60,-2,1,0,0,0,-,0,0,0,0,0.43,0.71,7,0,#238,
,Pandur,SEA,LA,LAG,3/7,G,#00183,#00046,Gun Runner,W,3,5,0.60,-2,1,1,0,0,-%,0,0,0,0,0.43,0.71,7,0,#239,
,Apathy,SEA,LA,LAG,3/7,G,#00183,#00046,Gun Runner,W,15,2,7.50,13,0,0,4,0,100.00%,2,0,2,0,2.14,0.29,7,0,#240,
,Skyz,FL,LA,DAL,3/8,G,#00186,#00047,Arklov,L,5,7,0.71,-2,0,0,0,1,0.00%,0,1,0,0,0.50,0.70,10,0,#241,
,Maux,FL,LA,DAL,3/8,G,#00186,#00047,Arklov,L,7,8,0.88,-1,1,0,2,0,100.00%,1,0,1,0,0.70,0.80,10,0,#242,
,Fero,FL,LA,DAL,3/8,G,#00186,#00047,Arklov,L,8,7,1.14,1,0,1,1,2,33.33%,1,1,0,1,0.80,0.70,10,0,#243,
,Frosty,FL,LA,DAL,3/8,G,#00186,#00047,Arklov,L,7,8,0.88,-1,3,0,0,2,0.00%,0,0,0,2,0.70,0.80,10,0,#244,
,Havok,FL,LA,DAL,3/8,G,#00186,#00047,Arklov,L,9,6,1.50,3,0,1,1,1,50.00%,1,0,0,1,0.90,0.60,10,0,#245,
,Clayster,DAL,LA,FL,3/8,G,#00186,#00047,Arklov,W,7,7,1.00,0,1,0,1,0,100.00%,0,0,1,0,0.70,0.70,10,0,#246,
,Crimsix,DAL,LA,FL,3/8,G,#00186,#00047,Arklov,W,7,7,1.00,0,0,0,0,0,-%,0,0,0,0,0.70,0.70,10,0,#247,
,iLLey,DAL,LA,FL,3/8,G,#00186,#00047,Arklov,W,3,6,0.50,-3,0,0,1,2,33.33%,0,0,1,2,0.30,0.60,10,2,#248,
,Huke,DAL,LA,FL,3/8,G,#00186,#00047,Arklov,W,7,9,0.78,-2,1,1,2,1,66.67%,2,1,0,0,0.70,0.90,10,0,#249,
,Shotzzy,DAL,LA,FL,3/8,G,#00186,#00047,Arklov,W,12,7,1.71,5,2,1,2,1,66.67%,2,0,0,1,1.20,0.70,10,0,#250,
,Assault,MIN,LA,SEA,3/8,G,#00189,#00048,St. Petro,W,6,3,2.00,3,0,0,1,1,50.00%,0,1,1,0,0.75,0.38,8,0,#251,
,SiLLY,MIN,LA,SEA,3/8,G,#00189,#00048,St Petro,W,4,3,1.33,1,0,0,0,0,-%,0,0,0,0,0.50,0.38,8,0,#252,
,GodRx,MIN,LA,SEA,3/8,G,#00189,#00048,St Petro,W,12,2,6.00,10,0,0,2,0,100.00%,1,0,1,0,1.50,0.25,8,7,#253,
,Alexx,MIN,LA,SEA,3/8,G,#00189,#00048,St. Petro,W,11,4,2.75,7,0,0,2,0,100.00%,1,0,1,0,1.38,0.50,8,0,#254,
,Asim,MIN,LA,SEA,3/8,G,#00189,#00048,St. Petro,W,4,5,0.80,-1,3,0,1,1,50.00%,1,0,0,1,0.50,0.63,8,0,#255,
,Octane,SEA,LA,MIN,3/8,G,#00189,#00048,St Petro,L,9,6,1.50,3,0,0,1,0,100.00%,1,0,0,0,1.13,0.75,8,3,#256,
,Karma,SEA,LA,MIN,3/8,G,#00189,#00048,St Petro,L,1,8,0.13,-7,0,0,1,2,33.33%,0,1,1,1,0.13,1.00,8,0,#257,
,Slacked,SEA,LA,MIN,3/8,G,#00189,#00048,St Petro,L,2,7,0.29,-5,0,0,0,1,0.00%,0,0,0,1,0.25,0.88,8,0,#258,
,Pandur,SEA,LA,MIN,3/8,G,#00189,#00048,St. Petro,L,2,8,0.25,-6,0,0,0,0,-%,0,0,0,0,0.25,1.00,8,0,#259,
,Apathy,SEA,LA,MIN,3/8,G,#00189,#00048,St. Petro,L,3,8,0.38,-5,1,0,0,3,0.00%,0,2,0,1,0.38,1.00,8,0,#260,
,Slasher,OGLA,LA,DAL,3/8,B,#00192,#00049,Gun Runner,L,4,7,0.57,-3,1,0,1,0,100.00%,0,0,1,0,0.50,0.88,8,0,#261,
,Dashy,OGLA,LA,DAL,3/8,B,#00192,#00049,Gun Runner,L,5,6,0.83,-1,0,0,0,1,0.00%,0,1,0,0,0.63,0.75,8,2,#262,
,JKap,OGLA,LA,DAL,3/8,B,#00192,#00049,Gun Runner,L,4,6,0.67,-2,0,0,0,2,0.00%,0,2,0,0,0.50,0.75,8,0,#263,
,Kenny,OGLA,LA,DAL,3/8,B,#00192,#00049,Gun Runner,L,5,8,0.63,-3,0,0,1,2,33.33%,0,1,1,1,0.63,1.00,8,0,#264,
,TJHaly,OGLA,LA,DAL,3/8,B,#00192,#00049,Gun Runner,L,6,7,0.86,-1,0,0,0,1,0.00%,0,0,0,1,0.75,0.88,8,0,#265,
,Clayster,DAL,LA,OGLA,3/8,B,#00192,#00049,Gun Runner,W,7,3,2.33,4,0,0,0,0,-%,0,0,0,0,0.88,0.38,8,0,#266,
,Crimsix,DAL,LA,OGLA,3/8,B,#00192,#00049,Gun Runner,W,7,5,1.40,2,0,0,1,0,100.00%,0,0,1,0,0.88,0.63,8,0,#267,
,iLLey,DAL,LA,OGLA,3/8,B,#00192,#00049,Gun Runner,W,7,5,1.40,2,0,0,3,0,100.00%,0,0,3,0,0.88,0.63,8,1,#268,
,Huke,DAL,LA,OGLA,3/8,B,#00192,#00049,Gun Runner,W,8,6,1.33,2,0,1,1,1,50.00%,1,1,0,0,1.00,0.75,8,0,#269,
,Shotzzy,DAL,LA,OGLA,3/8,B,#00192,#00049,Gun Runner,W,5,5,1.00,0,2,0,1,1,50.00%,1,1,0,0,0.63,0.63,8,0,#270,
,Assault,MIN,LA,ATL,3/8,B,#00196,#00050,Gun Runner,L,7,10,0.70,-3,0,0,1,0,100.00%,1,0,0,0,0.70,1.00,10,0,#271,
,SiLLY,MIN,LA,ATL,3/8,B,#00196,#00050,Gun Runner,L,9,9,1.00,0,0,0,3,2,60.00%,2,0,1,2,0.90,0.90,10,0,#272,
,GodRx,MIN,LA,ATL,3/8,B,#00196,#00050,Gun Runner,L,8,8,1.00,0,0,1,0,0,-%,0,0,0,0,0.80,0.80,10,0,#273,
,Alexx,MIN,LA,ATL,3/8,B,#00196,#00050,Gun Runner,L,5,10,0.50,-5,0,0,2,1,66.67%,2,0,0,1,0.50,1.00,10,0,#274,
,Asim,MIN,LA,ATL,3/8,B,#00196,#00050,Gun Runner,L,6,10,0.60,-4,4,0,0,1,0.00%,0,0,0,1,0.60,1.00,10,0,#275,
,Cellium,ATL,LA,MIN,3/8,B,#00196,#00050,Gun Runner,W,11,5,2.20,6,1,0,0,0,-%,0,0,0,0,1.10,0.50,10,0,#276,
,MajorManiak,ATL,LA,MIN,3/8,B,#00196,#00050,Gun Runner,W,8,7,1.14,1,1,0,0,2,0.00%,0,0,0,2,0.80,0.70,10,0,#277,
,Priestahh,ATL,LA,MIN,3/8,B,#00196,#00050,Gun Runner,W,10,8,1.25,2,1,0,1,1,50.00%,1,0,0,1,1.00,0.80,10,0,#278,
,aBeZy,ATL,LA,MIN,3/8,B,#00196,#00050,Gun Runner,W,7,9,0.78,-2,0,0,2,3,40.00%,2,1,0,2,0.70,0.90,10,0,#279,
,Simp,ATL,LA,MIN,3/8,B,#00196,#00050,Gun Runner,W,11,6,1.83,5,0,1,1,0,100.00%,1,0,0,0,1.10,0.60,10,0,#280,
,Clayster,DAL,LA,MIN,3/8,B,#00201,#00051,St Petro,W,9,7,1.29,2,1,0,1,0,100.00%,0,0,1,0,0.90,0.70,10,0,#281,
,Crimsix,DAL,LA,MIN,3/8,B,#00201,#00051,St Petro,W,6,7,0.86,-1,0,0,1,0,100.00%,1,0,0,0,0.60,0.70,10,0,#282,
,iLLey,DAL,LA,MIN,3/8,B,#00201,#00051,St Petro,W,6,5,1.20,1,0,0,1,2,33.33%,0,2,1,0,0.60,0.50,10,0,#283,
,Huke,DAL,LA,MIN,3/8,B,#00201,#00051,St Petro,W,9,8,1.13,1,0,0,1,1,50.00%,0,1,1,0,0.90,0.80,10,0,#284,
,Shotzzy,DAL,LA,MIN,3/8,B,#00201,#00051,St Petro,W,4,7,0.57,-3,1,0,1,2,33.33%,0,1,1,1,0.40,0.70,10,0,#285,
,Assault,MIN,LA,DAL,3/8,B,#00201,#00051,St Petro,L,3,7,0.43,-4,0,0,0,1,0.00%,0,1,0,0,0.30,0.70,10,0,#286,
,SiLLY,MIN,LA,DAL,3/8,B,#00201,#00051,St Petro,L,4,7,0.57,-3,0,0,0,2,0.00%,0,1,0,1,0.40,0.70,10,0,#287,
,GodRx,MIN,LA,DAL,3/8,B,#00201,#00051,St Petro,L,9,6,1.50,3,0,0,1,0,100.00%,0,0,1,0,0.90,0.60,10,2,#288,
,Alexx,MIN,LA,DAL,3/8,B,#00201,#00051,St Petro,L,9,7,1.29,2,0,0,4,0,100.00%,1,0,3,0,0.90,0.70,10,0,#289,
,Asim,MIN,LA,DAL,3/8,B,#00201,#00051,St Petro,L,9,7,1.29,2,0,0,0,2,0.00%,0,2,0,0,0.90,0.70,10,0,#290,
,AquA,LAG,LA,OGLA,3/7,G,#00171,#00042,Arklov,L,5,7,0.71,-2,0,0,1,1,50.00%,1,0,0,1,0.56,0.78,9,0,#291,
,Blazt,LAG,LA,OGLA,3/7,G,#00171,#00042,Arklov,L,1,8,0.13,-7,0,0,1,1,50.00%,0,1,1,0,0.11,0.89,9,0,#292,
,Spart,LAG,LA,OGLA,3/7,G,#00171,#00042,Arklov,L,7,7,1.00,0,0,0,1,0,100.00%,1,0,0,0,0.78,0.78,9,0,#293,
,Decemate,LAG,LA,OGLA,3/7,G,#00171,#00042,Arklov,L,2,9,0.22,-7,0,0,0,0,-%,0,0,0,0,0.22,1.00,9,0,#294,
,Vivid,LAG,LA,OGLA,3/7,G,#00171,#00042,Arklov,L,14,6,2.33,8,3,0,1,3,25.00%,1,1,0,2,1.56,0.67,9,1,#295,
,Slasher,OGLA,LA,LAG,3/7,G,#00171,#00042,Arklov,W,9,5,1.80,4,0,0,1,1,50.00%,0,0,1,1,1.00,0.56,9,0,#296,
,Dashy,OGLA,LA,LAG,3/7,G,#00171,#00042,Arklov,W,9,5,1.80,4,0,1,2,0,100.00%,1,0,1,0,1.00,0.56,9,5,#297,
,JKap,OGLA,LA,LAG,3/7,G,#00171,#00042,Arklov,W,6,7,0.86,-1,1,0,0,1,0.00%,0,0,0,1,0.67,0.78,9,0,#298,
,Kenny,OGLA,LA,LAG,3/7,G,#00171,#00042,Arklov,W,7,7,1.00,0,0,0,1,1,50.00%,1,1,0,0,0.78,0.78,9,0,#299,
,TJHaly,OGLA,LA,LAG,3/7,G,#00171,#00042,Arklov,W,6,5,1.20,1,0,0,1,1,50.00%,1,0,0,1,0.67,0.56,9,0,#300,
,Assault,MIN,LA,ATL,3/8,B,#00199,#00050,Piccadilly,W,7,3,2.33,4,0,0,1,1,50.00%,0,1,1,0,0.88,0.38,8,0,#301,
,SiLLY,MIN,LA,ATL,3/8,B,#00199,#00050,Piccadilly,W,6,6,1.00,0,0,0,1,0,100.00%,1,0,0,0,0.75,0.75,8,0,#302,
,GodRx,MIN,LA,ATL,3/8,B,#00199,#00050,Piccadilly,W,8,4,2.00,4,0,0,3,0,100.00%,0,0,3,0,1.00,0.50,8,5,#303,
,Alexx,MIN,LA,ATL,3/8,B,#00199,#00050,Piccadilly,W,1,6,0.17,-5,0,0,0,0,-%,0,0,0,0,0.13,0.75,8,0,#304,
,Asim,MIN,LA,ATL,3/8,B,#00199,#00050,Piccadilly,W,10,5,2.00,5,2,0,0,2,0.00%,0,2,0,0,1.25,0.63,8,0,#305,
,Cellium,ATL,LA,MIN,3/8,B,#00199,#00050,Piccadilly,L,7,6,1.17,1,1,0,0,0,-%,0,0,0,0,0.88,0.75,8,0,#306,
,MajorManiak,ATL,LA,MIN,3/8,B,#00199,#00050,Piccadilly,L,5,6,0.83,-1,0,0,0,1,0.00%,0,1,0,0,0.63,0.75,8,0,#307,
,Priestahh,ATL,LA,MIN,3/8,B,#00199,#00050,Piccadilly,L,4,7,0.57,-3,0,0,2,2,50.00%,0,1,2,1,0.50,0.88,8,0,#308,
,aBeZy,ATL,LA,MIN,3/8,B,#00199,#00050,Piccadilly,L,4,7,0.57,-3,1,0,0,1,0.00%,0,1,0,0,0.50,0.88,8,0,#309,
,Simp,ATL,LA,MIN,3/8,B,#00199,#00050,Piccadilly,L,4,6,0.67,-2,0,0,1,1,50.00%,0,1,1,0,0.50,0.75,8,3,#310,
,Clayster,DAL,LA,MIN,3/8,B,#00204,#00051,Gun Runner,W,8,6,1.33,2,0,0,0,0,-%,0,0,0,0,1.00,0.75,8,0,#311,
,Crimsix,DAL,LA,MIN,3/8,B,#00204,#00051,Gun Runner,W,3,6,0.50,-3,0,0,1,2,33.33%,0,0,1,2,0.38,0.75,8,0,#312,
,iLLey,DAL,LA,MIN,3/8,B,#00204,#00051,Gun Runner,W,4,3,1.33,1,0,1,0,1,0.00%,0,0,0,1,0.50,0.38,8,0,#313,
,Huke,DAL,LA,MIN,3/8,B,#00204,#00051,Gun Runner,W,13,5,2.60,8,0,0,4,0,100.00%,4,0,0,0,1.63,0.63,8,0,#314,
,Shotzzy,DAL,LA,MIN,3/8,B,#00204,#00051,Gun Runner,W,6,4,1.50,2,3,1,0,0,-%,0,0,0,0,0.75,0.50,8,0,#315,
,Assault,MIN,LA,DAL,3/8,B,#00204,#00051,Gun Runner,L,5,6,0.83,-1,0,0,0,0,-%,0,0,0,0,0.63,0.75,8,0,#316,
,SiLLY,MIN,LA,DAL,3/8,B,#00204,#00051,Gun Runner,L,5,7,0.71,-2,0,0,1,2,33.33%,1,1,0,1,0.63,0.88,8,0,#317,
,GodRx,MIN,LA,DAL,3/8,B,#00204,#00051,Gun Runner,L,6,5,1.20,1,1,0,0,0,-%,0,0,0,0,0.75,0.63,8,0,#318,
,Alexx,MIN,LA,DAL,3/8,B,#00204,#00051,Gun Runner,L,5,8,0.63,-3,0,0,0,1,0.00%,0,0,0,1,0.63,1.00,8,0,#319,
,Asim,MIN,LA,DAL,3/8,B,#00204,#00051,Gun Runner,L,3,8,0.38,-5,2,0,2,2,50.00%,2,0,0,2,0.38,1.00,8,0,#320,
,Denz,PAR,DAL,SEA,4/10,G,#00206,#00052,St Petro,W,6,5,1.20,1,0,0,0,0,,0,0,0,0,0.86,0.71,7,0,#321,
,Louqa,PAR,DAL,SEA,4/10,G,#00206,#00052,St Petro,W,7,5,1.40,2,1,0,1,0,100.00%,1,0,0,0,1.00,0.71,7,0,#322,
,Shockz,PAR,DAL,SEA,4/10,G,#00206,#00052,St Petro,W,8,4,2.00,4,0,0,0,0,,0,0,0,0,1.14,0.57,7,0,#323,
,KiSMET,PAR,DAL,SEA,4/10,G,#00206,#00052,St Petro,W,6,6,1.00,0,0,1,1,2,33.33%,0,1,1,1,0.86,0.86,7,0,#324,
,Zed,PAR,DAL,SEA,4/10,G,#00206,#00052,St Petro,W,5,4,1.25,1,2,0,1,0,100.00%,0,0,1,0,0.71,0.57,7,0,#325,
,Denz,PAR,DAL,SEA,4/10,G,#00209,#00052,Gun Runner,W,6,7,0.86,-1,0,1,3,0,100.00%,1,0,2,0,0.55,0.64,11,0,#326,
,Louqa,PAR,DAL,SEA,4/10,G,#00209,#00052,Gun Runner,W,12,7,1.71,5,0,0,1,0,100.00%,1,0,0,0,1.09,0.64,11,0,#327,
,Shockz,PAR,DAL,SEA,4/10,G,#00209,#00052,Gun Runner,W,6,9,0.67,-3,0,1,0,2,0.00%,0,1,0,1,0.55,0.82,11,0,#328,
,KiSMET,PAR,DAL,SEA,4/10,G,#00209,#00052,Gun Runner,W,9,9,1.00,0,1,0,0,2,0.00%,0,1,0,1,0.82,0.82,11,0,#329,
,Zed,PAR,DAL,SEA,4/10,G,#00209,#00052,Gun Runner,W,14,8,1.75,6,2,0,3,0,100.00%,1,0,2,0,1.27,0.73,11,0,#330,
,Denz,PAR,DAL,CHI,4/11,G,#00223,#00056,St Petro,L,5,7,0.71,-2,0,0,1,0,100.00%,0,0,1,0,0.50,0.70,10,0,#331,
,Louqa,PAR,DAL,CHI,4/11,G,#00223,#00056,St Petro,L,7,7,1.00,0,0,0,2,1,66.67%,1,0,1,1,0.70,0.70,10,2,#332,
,Shockz,PAR,DAL,CHI,4/11,G,#00223,#00056,St Petro,L,5,8,0.63,-3,0,0,1,0,100.00%,1,0,0,0,0.50,0.80,10,0,#333,
,KiSMET,PAR,DAL,CHI,4/11,G,#00223,#00056,St Petro,L,10,6,1.67,4,0,0,1,2,33.33%,1,1,0,1,1.00,0.60,10,0,#334,
,Zed,PAR,DAL,CHI,4/11,G,#00223,#00056,St Petro,L,3,6,0.50,-3,0,0,0,2,0.00%,0,1,0,1,0.30,0.60,10,0,#335,
,Denz,PAR,DAL,MIN,4/11,G,#00242,#00060,Gun Runner,W,8,6,1.33,2,0,0,0,0,-%,0,0,0,0,0.73,0.55,11,0,#336,
,Louqa,PAR,DAL,MIN,4/11,G,#00242,#00060,Gun Runner,W,14,6,2.33,8,0,0,1,1,50.00%,1,1,0,0,1.27,0.55,11,0,#337,
,Shockz,PAR,DAL,MIN,4/11,G,#00242,#00060,Gun Runner,W,5,8,0.63,-3,0,0,2,2,50.00%,0,1,2,1,0.45,0.73,11,0,#338,
,KiSMET,PAR,DAL,MIN,4/11,G,#00242,#00060,Gun Runner,W,6,7,0.86,-1,0,1,1,1,50.00%,1,0,0,1,0.55,0.64,11,0,#339,
,Zed,PAR,DAL,MIN,4/11,G,#00242,#00060,Gun Runner,W,8,7,1.14,1,3,1,2,1,66.67%,1,0,1,1,0.73,0.64,11,0,#340,
,Octane,SEA,DAL,PAR,4/10,G,#00206,#00052,St Petro,L,2,6,0.33,-4,0,0,0,0,,0,0,0,0,0.29,0.86,7,1,#341,
,Karma,SEA,DAL,PAR,4/10,G,#00206,#00052,St Petro,L,6,7,0.86,-1,2,0,1,1,50.00%,0,0,1,1,0.86,1.00,7,0,#342,
,Pandur,SEA,DAL,PAR,4/10,G,#00206,#00052,St Petro,L,4,7,0.57,-3,0,0,0,0,,0,0,0,0,0.57,1.00,7,0,#343,
,Slacked,SEA,DAL,PAR,4/10,G,#00206,#00052,St Petro,L,9,5,1.80,4,0,0,1,1,50.00%,1,1,0,0,1.29,0.71,7,0,#344,
,Apathy,SEA,DAL,PAR,4/10,G,#00206,#00052,St Petro,L,3,7,0.43,-4,0,0,0,1,0.00%,0,1,0,0,0.43,1.00,7,0,#345,
,Octane,SEA,DAL,PAR,4/10,G,#00209,#00052,Gun Runner,L,11,10,1.10,1,0,0,3,2,60.00%,1,0,2,2,1.00,0.91,11,0,#346,
,Karma,SEA,DAL,PAR,4/10,G,#00209,#00052,Gun Runner,L,5,9,0.56,-4,0,0,1,2,33.33%,1,2,0,0,0.45,0.82,11,0,#347,
,Pandur,SEA,DAL,PAR,4/10,G,#00209,#00052,Gun Runner,L,8,10,0.80,-2,0,0,0,1,0.00%,0,1,0,0,0.73,0.91,11,0,#348,
,Slacked,SEA,DAL,PAR,4/10,G,#00209,#00052,Gun Runner,L,8,9,0.89,-1,4,0,0,2,0.00%,0,1,0,1,0.73,0.82,11,0,#349,
,Apathy,SEA,DAL,PAR,4/10,G,#00209,#00052,Gun Runner,L,8,9,0.89,-1,1,0,0,0,-%,0,0,0,0,0.73,0.82,11,0,#350,
,Octane,SEA,DAL,MIN,4/11,G,#00232,#00058,Arklov,L,4,9,0.44,-5,0,0,0,1,0.00%,0,0,0,1,0.44,1.00,9,0,#351,
,Karma,SEA,DAL,MIN,4/11,G,#00232,#00058,Arklov,L,8,7,1.14,1,0,0,0,0,-%,0,0,0,0,0.89,0.78,9,0,#352,
,Pandur,SEA,DAL,MIN,4/11,G,#00232,#00058,Arklov,L,6,7,0.86,-1,1,1,1,2,33.33%,1,1,0,1,0.67,0.78,9,0,#353,
,Slacked,SEA,DAL,MIN,4/11,G,#00232,#00058,Arklov,L,7,8,0.88,-1,2,0,2,1,66.67%,2,0,0,1,0.78,0.89,9,0,#354,
,Apathy,SEA,DAL,MIN,4/11,G,#00232,#00058,Arklov,L,4,9,0.44,-5,0,0,0,2,0.00%,0,1,0,1,0.44,1.00,9,0,#355,
,Octane,SEA,DAL,MIN,4/11,G,#00236,#00058,Piccadilly,L,5,6,0.83,-1,1,0,0,1,0.00%,0,0,0,1,0.63,0.75,8,0,#356,
,Karma,SEA,DAL,MIN,4/11,G,#00236,#00058,Piccadilly,L,5,6,0.83,-1,0,0,1,1,50.00%,1,1,0,0,0.63,0.75,8,0,#357,
,Pandur,SEA,DAL,MIN,4/11,G,#00236,#00058,Piccadilly,L,6,7,0.86,-1,0,0,1,2,33.33%,0,2,1,0,0.75,0.88,8,0,#358,
,Slacked,SEA,DAL,MIN,4/11,G,#00236,#00058,Piccadilly,L,2,8,0.25,-6,0,0,0,1,0.00%,0,0,0,1,0.25,1.00,8,0,#359,
,Apathy,SEA,DAL,MIN,4/11,G,#00236,#00058,Piccadilly,L,6,7,0.86,-1,0,0,0,1,0.00%,0,0,0,1,0.75,0.88,8,0,#360,
,Skyz,FL,DAL,TOR,4/10,G,#00211,#00053,Gun Runner,L,1,6,0.17,-5,0,0,0,1,0.00%,0,0,0,1,0.17,1.00,6,0,#361,
,Maux,FL,DAL,TOR,4/10,G,#00211,#00053,Gun Runner,L,3,6,0.50,-3,0,0,1,0,100.00%,1,0,0,0,0.50,1.00,6,0,#362,
,Fero,FL,DAL,TOR,4/10,G,#00211,#00053,Gun Runner,L,2,6,0.33,-4,0,0,0,2,0.00%,0,1,0,1,0.33,1.00,6,0,#363,
,Frosty,FL,DAL,TOR,4/10,G,#00211,#00053,Gun Runner,L,1,6,0.17,-5,0,0,0,2,0.00%,0,1,0,1,0.17,1.00,6,0,#364,
,Havok,FL,DAL,TOR,4/10,G,#00211,#00053,Gun Runner,L,3,6,0.50,-3,0,0,0,0,-%,0,0,0,0,0.50,1.00,6,0,#365,
,Skyz,FL,DAL,TOR,4/10,G,#00214,#00053,Rammaza,L,12,7,1.71,5,1,0,1,1,50.00%,1,0,0,1,1.33,0.78,9,0,#366,
,Maux,FL,DAL,TOR,4/10,G,#00214,#00053,Rammaza,L,4,8,0.50,-4,0,0,0,1,0.00%,0,1,0,0,0.44,0.89,9,0,#367,
,Fero,FL,DAL,TOR,4/10,G,#00214,#00053,Rammaza,L,5,7,0.71,-2,0,0,1,0,100.00%,0,0,1,0,0.56,0.78,9,0,#368,
,Frosty,FL,DAL,TOR,4/10,G,#00214,#00053,Rammaza,L,3,8,0.38,-5,2,0,0,1,0.00%,0,0,0,1,0.33,0.89,9,0,#369,
,Havok,FL,DAL,TOR,4/10,G,#00214,#00053,Rammaza,L,7,8,0.88,-1,0,0,1,1,50.00%,1,0,0,1,0.78,0.89,9,0,#370,
,Skyz,FL,DAL,LAG,4/11,G,#00238,#00059,Gun Runner,L,4,7,0.57,-3,0,0,0,1,0.00%,0,1,0,0,0.50,0.88,8,0,#371,
,Maux,FL,DAL,LAG,4/11,G,#00238,#00059,Gun Runner,L,6,7,0.86,-1,0,0,1,0,100.00%,1,0,0,0,0.75,0.88,8,0,#372,
,Fero,FL,DAL,LAG,4/11,G,#00238,#00059,Gun Runner,L,6,7,0.86,-1,0,0,1,2,33.33%,0,1,1,1,0.75,0.88,8,0,#373,
,Frosty,FL,DAL,LAG,4/11,G,#00238,#00059,Gun Runner,L,7,6,1.17,1,1,0,1,0,100.00%,0,0,1,0,0.88,0.75,8,0,#374,
,Havok,FL,DAL,LAG,4/11,G,#00238,#00059,Gun Runner,L,2,8,0.25,-6,0,0,0,2,0.00%,0,1,0,1,0.25,1.00,8,0,#375,
,Skyz,FL,DAL,TOR,4/11,G,#00246,#00061,Rammaza,W,7,8,0.88,-1,0,0,0,3,0.00%,0,1,0,2,0.64,0.73,11,0,#376,
,Maux,FL,DAL,TOR,4/11,G,#00246,#00061,Rammaza,W,5,7,0.71,-2,0,0,0,0,-%,0,0,0,0,0.45,0.64,11,0,#377,
,Fero,FL,DAL,TOR,4/11,G,#00246,#00061,Rammaza,W,12,10,1.20,2,0,0,3,0,100.00%,2,0,1,0,1.09,0.91,11,2,#378,
,Frosty,FL,DAL,TOR,4/11,G,#00246,#00061,Rammaza,W,11,9,1.22,2,2,0,1,0,100.00%,0,0,1,0,1.00,0.82,11,0,#379,
,Havok,FL,DAL,TOR,4/11,G,#00246,#00061,Rammaza,W,10,7,1.43,3,0,0,3,1,75.00%,1,1,2,0,0.91,0.64,11,0,#380,
,Skyz,FL,DAL,CHI,4/12,B,#00250,#00063,Piccadilly,W,11,8,1.38,3,1,0,3,0,100.00%,2,0,1,0,1.10,0.80,10,0,#381,
,Maux,FL,DAL,CHI,4/12,B,#00250,#00063,Piccadilly,W,7,4,1.75,3,0,0,0,0,-%,0,0,0,0,0.70,0.40,10,0,#382,
,Fero,FL,DAL,CHI,4/12,B,#00250,#00063,Piccadilly,W,8,6,1.33,2,0,1,2,0,100.00%,0,0,2,0,0.80,0.60,10,1,#383,
,Frosty,FL,DAL,CHI,4/12,B,#00250,#00063,Piccadilly,W,8,6,1.33,2,3,0,2,1,66.67%,1,1,1,0,0.80,0.60,10,0,#384,
,Havok,FL,DAL,CHI,4/12,B,#00250,#00063,Piccadilly,W,8,7,1.14,1,0,0,2,0,100.00%,1,0,1,0,0.80,0.70,10,0,#385,
,Skyz,FL,DAL,MIN,4/12,B,#00258,#00064,Piccadilly,W,8,5,1.60,3,0,0,0,0,-%,0,0,0,0,1.00,0.63,8,0,#386,
,Maux,FL,DAL,MIN,4/12,B,#00258,#00064,Piccadilly,W,5,5,1.00,0,0,0,0,0,-%,0,0,0,0,0.63,0.63,8,0,#387,
,Fero,FL,DAL,MIN,4/12,B,#00258,#00064,Piccadilly,W,4,3,1.33,1,1,1,1,1,50.00%,1,0,0,1,0.50,0.38,8,0,#388,
,Frosty,FL,DAL,MIN,4/12,B,#00258,#00064,Piccadilly,W,6,5,1.20,1,1,0,1,1,50.00%,0,1,1,0,0.75,0.63,8,0,#389,
,Havok,FL,DAL,MIN,4/12,B,#00258,#00064,Piccadilly,W,11,5,2.20,6,0,0,3,1,75.00%,1,1,2,0,1.38,0.63,8,2,#390,
,Methodz,TOR,DAL,FL,4/10,G,#00211,#00053,Gun Runner,W,5,3,1.67,2,0,0,0,0,-%,0,0,0,0,0.83,0.50,6,0,#391,
,Cammy,TOR,DAL,FL,4/10,G,#00211,#00053,Gun Runner,W,10,3,3.33,7,0,0,4,1,80.00%,3,0,1,1,1.67,0.50,6,0,#392,
,MeTTalZz,TOR,DAL,FL,4/10,G,#00211,#00053,Gun Runner,W,5,2,2.50,3,0,0,0,0,-%,0,0,0,0,0.83,0.33,6,0,#393,
,Bance,TOR,DAL,FL,4/10,G,#00211,#00053,Gun Runner,W,5,2,2.50,3,0,0,1,0,100.00%,0,0,1,0,0.83,0.33,6,0,#394,
,Classic,TOR,DAL,FL,4/10,G,#00211,#00053,Gun Runner,W,5,0,5.00,5,2,0,0,0,-%,0,0,0,0,0.83,0.00,6,0,#395,
,Methodz,TOR,DAL,FL,4/10,G,#00214,#00053,Rammaza,W,7,6,1.17,1,0,0,1,1,50.00%,1,1,0,0,0.78,0.67,9,0,#396,
,Cammy,TOR,DAL,FL,4/10,G,#00214,#00053,Rammaza,W,8,7,1.14,1,0,0,1,0,100.00%,0,0,1,0,0.89,0.78,9,0,#397,
,MeTTalZz,TOR,DAL,FL,4/10,G,#00214,#00053,Rammaza,W,12,4,3.00,8,0,1,1,0,100.00%,1,0,0,0,0.00,0.44,9,0,#398,
,Bance,TOR,DAL,FL,4/10,G,#00214,#00053,Rammaza,W,3,7,0.43,-4,1,0,0,1,0.00%,0,0,0,1,0.33,0.78,9,0,#399,
,Classic,TOR,DAL,FL,4/10,G,#00214,#00053,Rammaza,W,8,7,1.14,1,1,0,1,1,50.00%,1,0,0,1,0.89,0.78,9,0,#400,
,Methodz,TOR,DAL,DAL,4/11,G,#00227,#00057,Gun Runner,L,7,7,1.00,0,0,0,1,0,100.00%,1,0,0,0,0.88,0.88,8,0,#401,
,Cammy,TOR,DAL,DAL,4/11,G,#00227,#00057,Gun Runner,L,7,8,0.88,-1,0,0,1,0,100.00%,0,0,1,0,0.88,1.00,8,0,#402,
,MeTTalZz,TOR,DAL,DAL,4/11,G,#00227,#00057,Gun Runner,L,8,7,1.14,1,1,0,3,0,100.00%,1,0,2,0,1.00,0.88,8,0,#403,
,Bance,TOR,DAL,DAL,4/11,G,#00227,#00057,Gun Runner,L,8,7,1.14,1,0,0,0,0,-%,0,0,0,0,1.00,0.88,8,0,#404,
,Classic,TOR,DAL,DAL,4/11,G,#00227,#00057,Gun Runner,L,2,8,0.25,-6,0,0,1,2,33.33%,1,1,0,1,0.25,1.00,8,0,#405,
,Methodz,TOR,DAL,DAL,4/11,G,#00230,#00057,Piccadilly,L,3,8,0.38,-5,0,0,0,0,-%,0,0,0,0,0.38,1.00,8,0,#406,
,Cammy,TOR,DAL,DAL,4/11,G,#00230,#00057,Piccadilly,L,3,7,0.43,-4,0,0,1,3,25.00%,0,1,1,2,0.38,0.88,8,0,#407,
,MeTTalZz,TOR,DAL,DAL,4/11,G,#00230,#00057,Piccadilly,L,9,6,1.50,3,0,1,1,0,100.00%,1,0,0,0,1.13,0.75,8,0,#408,
,Bance,TOR,DAL,DAL,4/11,G,#00230,#00057,Piccadilly,L,6,7,0.86,-1,0,0,1,0,100.00%,0,0,1,0,0.75,0.88,8,3,#409,
,Classic,TOR,DAL,DAL,4/11,G,#00230,#00057,Piccadilly,L,2,7,0.29,-5,1,0,0,2,0.00%,0,2,0,0,0.25,0.88,8,0,#410,
,Methodz,TOR,DAL,FL,4/11,G,#00246,#00061,Rammaza,L,10,9,1.11,1,0,0,0,2,0.00%,0,2,0,0,0.91,0.82,11,0,#411,
,Cammy,TOR,DAL,FL,4/11,G,#00246,#00061,Rammaza,L,9,8,1.13,1,1,0,0,1,0.00%,0,1,0,0,0.82,0.73,11,0,#412,
,MeTTalZz,TOR,DAL,FL,4/11,G,#00246,#00061,Rammaza,L,5,10,0.50,-5,0,0,1,1,50.00%,1,0,0,1,0.45,0.91,11,0,#413,
,Bance,TOR,DAL,FL,4/11,G,#00246,#00061,Rammaza,L,7,9,0.78,-2,0,0,1,1,50.00%,1,1,0,0,0.64,0.82,11,0,#414,
,Classic,TOR,DAL,FL,4/11,G,#00246,#00061,Rammaza,L,10,9,1.11,1,2,0,2,2,50.00%,0,0,2,2,0.91,0.82,11,0,#415,
,Arcitys,CHI,DAL,MIN,4/10,G,#00216,#00054,St Petro,W,8,8,1.00,0,0,0,1,0,100.00%,0,0,1,0,0.73,0.73,11,0,#416,
,FormaL,CHI,DAL,MIN,4/10,G,#00216,#00054,St Petro,W,8,9,0.89,-1,0,0,1,1,50.00%,0,0,1,1,0.73,0.82,11,2,#417,
,Gunless,CHI,DAL,MIN,4/10,G,#00216,#00054,St Petro,W,5,8,0.63,-3,1,0,1,0,100.00%,0,0,1,0,0.45,0.73,11,0,#418,
,Scump,CHI,DAL,MIN,4/10,G,#00216,#00054,St Petro,W,4,8,0.50,-4,0,0,1,2,33.33%,0,1,1,1,0.36,0.73,11,0,#419,
,Envoy,CHI,DAL,MIN,4/10,G,#00216,#00054,St Petro,W,14,6,2.33,8,0,1,3,1,75.00%,3,1,0,0,1.27,0.55,11,0,#420,
,Arcitys,CHI,DAL,PAR,4/11,G,#00223,#00056,St Petro,W,4,7,0.57,-3,0,0,1,1,50.00%,1,0,0,1,0.40,0.70,10,0,#421,
,FormaL,CHI,DAL,PAR,4/11,G,#00223,#00056,St Petro,W,6,5,1.20,1,0,0,1,2,33.33%,0,1,1,1,0.60,0.50,10,1,#422,
,Gunless,CHI,DAL,PAR,4/11,G,#00223,#00056,St Petro,W,5,7,0.71,-2,1,0,1,1,50.00%,0,1,1,0,0.50,0.70,10,0,#423,
,Scump,CHI,DAL,PAR,4/11,G,#00223,#00056,St Petro,W,4,6,0.67,-2,0,0,0,1,0.00%,0,0,0,1,0.40,0.60,10,0,#424,
,Envoy,CHI,DAL,PAR,4/11,G,#00223,#00056,St Petro,W,15,5,3.00,10,0,0,2,0,100.00%,2,0,0,0,1.50,0.50,10,0,#425,
,Arcitys,CHI,DAL,FL,4/12,B,#00250,#00063,Piccadilly,L,9,7,1.29,2,0,1,1,2,33.33%,0,1,1,1,0.90,0.70,10,0,#426,
,FormaL,CHI,DAL,FL,4/12,B,#00250,#00063,Piccadilly,L,4,10,0.40,-6,0,0,0,3,0.00%,0,2,0,1,0.40,1.00,10,2,#427,
,Gunless,CHI,DAL,FL,4/12,B,#00250,#00063,Piccadilly,L,6,8,0.75,-2,3,0,0,0,-%,0,0,0,0,0.60,0.80,10,0,#428,
,Scump,CHI,DAL,FL,4/12,B,#00250,#00063,Piccadilly,L,7,7,1.00,0,0,0,0,1,0.00%,0,1,0,0,0.70,0.70,10,0,#429,
,Envoy,CHI,DAL,FL,4/12,B,#00250,#00063,Piccadilly,L,5,10,0.50,-5,0,0,0,3,0.00%,0,1,0,2,0.50,1.00,10,0,#430,
,Assault,MIN,DAL,CHI,4/10,G,#00216,#00054,St Petro,L,10,6,1.67,4,0,0,1,1,50.00%,1,0,0,1,0.91,0.55,11,0,#431,
,SiLLY,MIN,DAL,CHI,4/10,G,#00216,#00054,St Petro,L,5,9,0.56,-4,1,0,0,1,0.00%,0,1,0,0,0.45,0.82,11,0,#432,
,GodRx,MIN,DAL,CHI,4/10,G,#00216,#00054,St Petro,L,5,7,0.71,-2,0,0,1,1,50.00%,0,0,1,1,0.45,0.64,11,3,#433,
,Alexx,MIN,DAL,CHI,4/10,G,#00216,#00054,St Petro,L,10,9,1.11,1,0,0,2,2,50.00%,1,1,1,1,0.91,0.82,11,0,#434,
,Asim,MIN,DAL,CHI,4/10,G,#00216,#00054,St Petro,L,9,8,1.13,1,2,0,0,2,0.00%,0,2,0,0,0.82,0.73,11,0,#435,
,Assault,MIN,DAL,SEA,4/11,G,#00232,#00058,Arklov,W,11,6,1.83,5,0,0,2,0,100.00%,2,0,0,0,1.22,0.67,9,0,#436,
,SiLLY,MIN,DAL,SEA,4/11,G,#00232,#00058,Arklov,W,6,6,1.00,0,0,0,1,2,33.33%,0,0,1,2,0.67,0.67,9,0,#437,
,GodRx,MIN,DAL,SEA,4/11,G,#00232,#00058,Arklov,W,8,4,2.00,4,0,0,1,0,100.00%,1,0,0,0,0.89,0.44,9,6,#438,
,Alexx,MIN,DAL,SEA,4/11,G,#00232,#00058,Arklov,W,9,6,1.50,3,1,2,0,0,-%,0,0,0,0,1.00,0.67,9,0,#439,
,Asim,MIN,DAL,SEA,4/11,G,#00232,#00058,Arklov,W,6,7,0.86,-1,1,0,2,1,66.67%,1,0,1,1,0.67,0.78,9,0,#440,
,Assault,MIN,DAL,SEA,4/11,G,#00236,#00058,Piccadilly,W,3,4,0.75,-1,0,0,1,1,50.00%,0,1,1,0,0.38,0.50,8,0,#441,
,SiLLY,MIN,DAL,SEA,4/11,G,#00236,#00058,Piccadilly,W,3,6,0.50,-3,0,0,0,1,0.00%,0,0,0,1,0.38,0.75,8,0,#442,
,GodRx,MIN,DAL,SEA,4/11,G,#00236,#00058,Piccadilly,W,14,3,4.67,11,1,0,3,0,100.00%,1,0,2,0,1.75,0.38,8,0,#443,
,Alexx,MIN,DAL,SEA,4/11,G,#00236,#00058,Piccadilly,W,6,5,1.20,1,0,0,1,0,100.00%,1,0,0,0,0.75,0.63,8,0,#444,
,Asim,MIN,DAL,SEA,4/11,G,#00236,#00058,Piccadilly,W,8,6,1.33,2,1,0,1,0,100.00%,1,0,0,0,1.00,0.75,8,0,#445,
,Assault,MIN,DAL,PAR,4/11,G,#00242,#00060,Gun Runner,L,3,9,0.33,-6,0,0,0,0,-%,0,0,0,0,0.27,0.82,11,0,#446,
,SiLLY,MIN,DAL,PAR,4/11,G,#00242,#00060,Gun Runner,L,12,7,1.71,5,1,0,1,1,50.00%,0,1,1,0,1.09,0.64,11,0,#447,
,GodRx,MIN,DAL,PAR,4/11,G,#00242,#00060,Gun Runner,L,7,8,0.88,-1,0,0,0,1,0.00%,0,0,0,1,0.64,0.73,11,0,#448,
,Alexx,MIN,DAL,PAR,4/11,G,#00242,#00060,Gun Runner,L,9,9,1.00,0,0,0,3,1,75.00%,2,0,1,1,0.82,0.82,11,0,#449,
,Asim,MIN,DAL,PAR,4/11,G,#00242,#00060,Gun Runner,L,3,8,0.38,-5,3,0,1,3,25.00%,1,2,0,1,0.27,0.73,11,0,#450,
,Assault,MIN,DAL,DAL,4/12,B,#00254,#00062,Piccadilly,L,3,7,0.43,-4,0,0,0,3,0.00%,0,1,0,2,0.43,1.00,7,0,#451,
,SiLLY,MIN,DAL,DAL,4/12,B,#00254,#00062,Piccadilly,L,6,6,1.00,0,0,0,0,1,0.00%,0,1,0,0,0.86,0.86,7,0,#452,
,GodRx,MIN,DAL,DAL,4/12,B,#00254,#00062,Piccadilly,L,3,6,0.50,-3,0,0,0,0,-%,0,0,0,0,0.43,0.86,7,3,#453,
,Alexx,MIN,DAL,DAL,4/12,B,#00254,#00062,Piccadilly,L,3,6,0.50,-3,0,1,0,2,0.00%,0,1,0,1,0.43,0.86,7,0,#454,
,Asim,MIN,DAL,DAL,4/12,B,#00254,#00062,Piccadilly,L,2,7,0.29,-5,0,1,0,1,0.00%,0,1,0,0,0.29,1.00,7,0,#455,
,Assault,MIN,DAL,FL,4/12,B,#00258,#00064,Piccadilly,L,3,6,0.50,-3,2,0,0,0,-%,0,0,0,0,0.38,0.75,8,0,#456,
,SiLLY,MIN,DAL,FL,4/12,B,#00258,#00064,Piccadilly,L,8,6,1.33,2,0,0,1,1,50.00%,1,0,0,1,1.00,0.75,8,0,#457,
,GodRx,MIN,DAL,FL,4/12,B,#00258,#00064,Piccadilly,L,4,7,0.57,-3,0,0,0,0,-%,0,0,0,0,0.50,0.88,8,2,#458,
,Alexx,MIN,DAL,FL,4/12,B,#00258,#00064,Piccadilly,L,1,8,0.13,-7,0,0,0,1,0.00%,0,0,0,1,0.13,1.00,8,0,#459,
,Asim,MIN,DAL,FL,4/12,B,#00258,#00064,Piccadilly,L,7,7,1.00,0,0,0,2,3,40.00%,0,3,2,0,0.88,0.88,8,0,#460,
,AquA,LAG,DAL,DAL,4/10,G,#00219,#00055,Arklov,W,4,5,0.80,-1,0,0,2,1,66.67%,2,1,0,0,0.44,0.56,9,0,#461,
,Blazt,LAG,DAL,DAL,4/10,G,#00219,#00055,Arklov,W,13,5,2.60,8,2,0,2,0,100.00%,0,0,2,0,1.44,0.56,9,0,#462,
,Spart,LAG,DAL,DAL,4/10,G,#00219,#00055,Arklov,W,8,5,1.60,3,0,0,1,0,100.00%,1,0,0,0,0.89,0.56,9,0,#463,
,Decemate,LAG,DAL,DAL,4/10,G,#00219,#00055,Arklov,W,6,5,1.20,1,0,0,0,0,-%,0,0,0,0,0.67,0.56,9,0,#464,
,Vivid,LAG,DAL,DAL,4/10,G,#00219,#00055,Arklov,W,7,5,1.40,2,0,0,2,1,66.67%,0,0,2,1,0.78,0.56,9,4,#465,
,AquA,LAG,DAL,FL,4/11,G,#00238,#00059,Gun Runner,W,7,3,2.33,4,2,0,1,0,100.00%,0,0,1,0,0.88,0.38,8,0,#466,
,Blazt,LAG,DAL,FL,4/11,G,#00238,#00059,Gun Runner,W,8,6,1.33,2,0,0,2,0,100.00%,1,0,1,0,1.00,0.75,8,0,#467,
,Spart,LAG,DAL,FL,4/11,G,#00238,#00059,Gun Runner,W,5,7,0.71,-2,1,0,0,2,0.00%,0,2,0,0,0.63,0.88,8,0,#468,
,Decemate,LAG,DAL,FL,4/11,G,#00238,#00059,Gun Runner,W,7,4,1.75,3,0,0,1,0,100.00%,0,0,1,0,0.88,0.50,8,0,#469,
,Vivid,LAG,DAL,FL,4/11,G,#00238,#00059,Gun Runner,W,8,5,1.60,3,0,0,1,1,50.00%,1,0,0,1,1.00,0.63,8,0,#470,
,Clayster,DAL,DAL,LAG,4/10,G,#00220,#00055,Arklov,L,6,6,1.00,0,0,1,0,1,0.00%,0,1,0,0,0.67,0.67,9,0,#471,
,Crimsix,DAL,DAL,LAG,4/10,G,#00220,#00055,Arklov,L,5,7,0.71,-2,0,0,0,1,0.00%,0,1,0,0,0.56,0.78,9,0,#472,
,iLLey,DAL,DAL,LAG,4/10,G,#00220,#00055,Arklov,L,7,9,0.78,-2,0,0,2,0,100.00%,1,0,1,0,0.78,1.00,9,1,#473,
,Huke,DAL,DAL,LAG,4/10,G,#00220,#00055,Arklov,L,1,8,0.13,-7,0,0,0,5,0.00%,0,2,0,3,0.11,0.89,9,0,#474,
,Shotzzy,DAL,DAL,LAG,4/10,G,#00220,#00055,Arklov,L,5,8,0.63,-3,0,0,0,0,-%,0,0,0,0,0.56,0.89,9,0,#475,
,Clayster,DAL,DAL,TOR,4/11,G,#00227,#00057,Gun Runner,W,11,5,2.20,6,1,0,0,0,-%,0,0,0,0,1.38,0.63,8,0,#476,
,Crimsix,DAL,DAL,TOR,4/11,G,#00227,#00057,Gun Runner,W,5,7,0.71,-2,0,0,0,3,0.00%,0,2,0,1,0.63,0.88,8,0,#477,
,iLLey,DAL,DAL,TOR,4/11,G,#00227,#00057,Gun Runner,W,3,7,0.43,-4,0,0,1,3,25.00%,1,1,0,2,0.38,0.88,8,0,#478,
,Huke,DAL,DAL,TOR,4/11,G,#00227,#00057,Gun Runner,W,4,7,0.57,-3,0,1,0,0,-%,0,0,0,0,0.50,0.88,8,0,#479,
,Shotzzy,DAL,DAL,TOR,4/11,G,#00227,#00057,Gun Runner,W,14,6,2.33,8,1,0,1,0,100.00%,0,0,1,0,1.75,0.75,8,0,#480,
,Clayster,DAL,DAL,TOR,4/11,G,#00230,#00057,Piccadilly,W,3,5,0.60,-2,0,0,0,1,0.00%,0,1,0,0,0.38,0.63,8,0,#481,
,Crimsix,DAL,DAL,TOR,4/11,G,#00230,#00057,Piccadilly,W,10,5,2.00,5,0,0,2,0,100.00%,0,0,2,0,1.25,0.63,8,0,#482,
,iLLey,DAL,DAL,TOR,4/11,G,#00230,#00057,Piccadilly,W,8,4,2.00,4,0,0,0,0,-%,0,0,0,0,1.00,0.50,8,3,#483,
,Huke,DAL,DAL,TOR,4/11,G,#00230,#00057,Piccadilly,W,9,4,2.25,5,0,0,3,1,75.00%,2,0,1,1,1.13,0.50,8,0,#484,
,Shotzzy,DAL,DAL,TOR,4/11,G,#00230,#00057,Piccadilly,W,5,5,1.00,0,3,0,0,1,0.00%,0,1,0,0,0.63,0.63,8,0,#485,
,Clayster,DAL,DAL,MIN,4/12,B,#00254,#00062,Piccadilly,W,6,3,2.00,3,0,1,3,0,100.00%,2,0,1,0,0.86,0.43,7,0,#486,
,Crimsix,DAL,DAL,MIN,4/12,B,#00254,#00062,Piccadilly,W,10,4,2.50,6,0,0,2,0,100.00%,1,0,1,0,1.43,0.57,7,0,#487,
,iLLey,DAL,DAL,MIN,4/12,B,#00254,#00062,Piccadilly,W,6,2,3.00,4,0,0,0,0,-%,0,0,0,0,0.86,0.29,7,2,#488,
,Huke,DAL,DAL,MIN,4/12,B,#00254,#00062,Piccadilly,W,5,4,1.25,1,0,0,1,0,100.00%,0,0,1,0,0.71,0.57,7,0,#489,
,Shotzzy,DAL,DAL,MIN,4/12,B,#00254,#00062,Piccadilly,W,5,4,1.25,1,3,0,1,0,100.00%,0,0,1,0,0.71,0.57,7,0,#490,
,,,,,,,,,,,,,,,,,,,,,,,,,,,,#491,
,,,,,,,,,,,,,,,,,,,,,,,,,,,,#492,
,,,,,,,,,,,,,,,,,,,,,,,,,,,,#493,
,,,,,,,,,,,,,,,,,,,,,,,,,,,,#494,
,,,,,,,,,,,,,,,,,,,,,,,,,,,,#495,
,,,,,,,,,,,,,,,,,,,,,,,,,,,,#496,
,,,,,,,,,,,,,,,,,,,,,,,,,,,,#497,
,,,,,,,,,,,,,,,,,,,,,,,,,,,,#498,
,,,,,,,,,,,,,,,,,,,,,,,,,,,,#499,
,,,,,,,,,,,,,,,,,,,,,,,,,,,,#500,
